yil;no;alan;alt_alan;konu;dayanak;ana_tip;alt_tip;bayraklar;kok_yuklem;sik_turu;oncul_sayisi;dogru;cevap_kaynagi;guven;uzunluk;teknik;kurulum;tartismali;sinir
2021;1;GENEL KÜLTÜR;TÜRKÇE;Paragraf - düşünceyi geliştirme yolları;;T;T5;;kullanılmıştır;kisa;0;D;resmi;;;;"Parça oran, dekar, ton ve yüzde artış verileriyle kurulmuş; doğru cevap sayısal verilerden yararlanma (D). Çeldiriciler diğer düşünceyi geliştirme yolları (tanımlama, örnekleme, tanık gösterme, benzetme).";;
2021;2;GENEL KÜLTÜR;TÜRKÇE;Sözcükte anlam - gerçek/mecaz anlam;;T;T1;;kullanılmıştır;cumle;0;E;resmi;;orta;;E cümlesindeki sözcük (ağacın dalları, kuşların ötüşmesi) gerçek anlamda. Çeldiricilerde 'yıldız' (ünlü sporcu), 'yüreksiz' (korkak), 'ağaç denizi' (çokluk), 'keçi' (inatçı) mecaz anlamda.;;T1 mi T5 mi: tek cümle/sözcük üzerinden → T1
2021;3;GENEL KÜLTÜR;TÜRKÇE;Yazım - 'ki' bağlacı ve '-ki' eki;;T;T3;;yapılmıştır;cumle;0;C;resmi;;orta;;C'de 'gerisinde ki' sözcüğündeki -ki sıfat yapan ek olduğu hâlde ayrı yazılmış ('gerisindeki' olmalı). Çeldiricilerde 'mademki', 'yeter ki', 'güzelmiş ki', 'sabahki/yoldaki' doğru yazılmış.;;
2021;4;GENEL KÜLTÜR;TÜRKÇE;Cümlenin ögeleri - gizli özne;;T;T2;;gizli öznedir;cumle;0;B;resmi;;orta;;B'de 'satın almadım' yükleminin öznesi 'ben' cümlede yok (gizli özne). Çeldiricilerde açık özne (seçmen, Cemil) ve edilgen cümlelerde sözde özne (günebakanlar, hastane) var.;;
2021;5;GENEL KÜLTÜR;TÜRKÇE;Yapım eki - fiilden isim;;T;T2;;ad olmuştur;kisa;0;A;resmi;;;;A'da 'gül-' fiiline -eç eki getirilerek ad (sıfat) türetilmiş. Çeldiriciler isimden isim yapım eki almış sözcükler (borç-lu, yol-daş, sarı-mtırak, balık-çıl).;;
2021;6;GENEL KÜLTÜR;MATEMATİK;Sayı ve işlem - ardışık çarpımlar toplamı;;M;M1;;kaçtır;sayi;0;C;resmi;;;;B−A = Σ(2k−1)·[(2k+1)−2k] = 1+3+5+7+9 = 25 (C). Şıklar ardışık kare sayılar (3²–7²).;;
2021;7;GENEL KÜLTÜR;MATEMATİK;Sayı ve işlem - işlem tanımlama;;M;M1;;kaçtır;sayi;0;A;resmi;;;;"4♦3 = 4+3−1 = 6; 6&2 = 6−2+3 = 7 (A). Çeldiriciler ardışık küçülen değerler (6–3); işlem sırası karıştırılırsa farklı sonuç çıkar.";;
2021;8;GENEL KÜLTÜR;MATEMATİK;Örüntü - harf dizisi;;M;M4;;hangisi olur;kisa;0;D;resmi;;;;"Sekiz harflik periyot (AEIİOÖUÜ); 77 = 9·8+5 → periyodun 5. harfi O (D). Çeldiriciler periyottaki diğer ünlüler.";;
2021;9;GENEL KÜLTÜR;MATEMATİK;Problem - yaş;;M;M2;;kaçtır;sayi;0;B;resmi;;;;"B + (ç1+ç2) = 58; 4 yıl önce B−4 = 5·(ç1+ç2−8) − 2 → 6B = 252, B = 42 (B). Çeldiriciler 41–45 ardışık değerler.";;
2021;10;GENEL KÜLTÜR;MATEMATİK;Problem - ağırlıklı ortalama;;M;M2;;kaç kilogram olur;sayi;0;C;resmi;;;;"(12·48 + 8·68)/20 = 1120/20 = 56 (C). Çeldiriciler 53–58 arası; 58 (E) iki ortalamanın basit ortalaması tuzağı.";;
2021;11;GENEL KÜLTÜR;TARİH;Millî Mücadele - basın-yayın;;D;D2;;çıkarılmıştır;kisa;0;A;resmi;;;;Sivas'ta Heyet-i Temsiliye'nin (Anadolu ve Rumeli Müdafaa-i Hukuk Cemiyeti) yayın organı İrade-i Milliye (A). Çeldiriciler Millî Mücadele'yi destekleyen diğer gazeteler (Öğüt, Babalık, Albayrak, Yeni Gün).;;
2021;12;GENEL KÜLTÜR;TARİH;Millî Mücadele - Mudanya Mütarekesi;;O;O1;;imzalamamıştır;kisa;0;E;resmi;;;TARAF_OLMAYAN;"Mudanya'yı TBMM Hükümeti, İngiltere, Fransa ve İtalya imzaladı; taraf olmayan Almanya (E) cevap.";;
2021;13;GENEL KÜLTÜR;TARİH;TBMM dönemleri - II. Dönem;;D;D3;;biridir;kisa;0;D;resmi;;;KOMSU_LISTE;Lozan Barış Antlaşması'nın onaylanması (23 Ağustos 1923) II. Dönem TBMM'nin işi (D). Çeldiriciler I. Dönem TBMM'nin gerçek icraatları (Tekalif-i Milliye, saltanatın kaldırılması, Hıyanet-i Vataniye Kanunu, İstiklal Marşı).;;D3 mü D2 mi: dördü I. Dönem listesinde, biri II. Dönem listesinde → D3
2021;14;GENEL KÜLTÜR;TARİH;Atatürk inkılapları - harf inkılabı;;D;D2;;açılmıştır;kisa;0;C;resmi;;;;Millet Mektepleri yeni Türk harflerini yaygınlaştırmak için açıldı (C). Çeldiriciler aynı dönemin diğer inkılap ve düzenlemeleri (Soyadı Kanunu, Medeni Kanun, Türk Tarih Tezi, Beş Yıllık Sanayi Planı).;;
2021;15;GENEL KÜLTÜR;TARİH;Atatürk ilkeleri - halkçılık;;K;K1;;hangisidir;kisa;0;B;resmi;;;;Ayrıcalıksız toplum ve kanun önünde eşitlik tanımı halkçılığı verir (B). Çeldiriciler diğer Atatürk ilkeleri.;;
2021;16;GENEL KÜLTÜR;HUKUK;Temel hukuk - anayasa kavramı;;K;K1;;kuralıdır;kisa;0;B;resmi;;;;Devletin temel yapısını, organlarını ve temel hak ve ödevleri düzenleyen üst norm anayasadır (B). Çeldiriciler normlar hiyerarşisinin alt basamakları (yasa, tüzük, yönetmelik, yönerge).;;
2021;17;GENEL KÜLTÜR;HUKUK;Uluslararası kuruluşlar - AB kurucu üyeleri;;O;O1;;biri değildir;kisa;0;D;resmi;;;TARAF_OLMAYAN;"Kurucu altılı: Belçika, Fransa, Almanya, İtalya, Lüksemburg, Hollanda; Yunanistan (D) sonradan katılan üye.";;
2021;18;GENEL KÜLTÜR;HUKUK;Uluslararası kuruluşlar - Türkiye'nin üyelikleri;;D;D3;;üyedir;kisa;0;E;resmi;;;TARAF_OLMAYAN;Türkiye NATO üyesi (E). Çeldiriciler Türkiye'nin üye olmadığı örgütler (BDT, AB, EFTA, OPEC).;;
2021;19;GENEL KÜLTÜR;HUKUK;Anayasa - Cumhurbaşkanının görev ve yetkileri;;O;O1;;yer almaz;cumle;0;C;resmi;;orta;MINIMAL_CIFT;"Dört şık Anayasa'daki Cumhurbaşkanı yetkileri; C'de yürütme yetkisine 'yasama' eklenmiş (yasama yetkisi TBMM'nin).";;O1 mi O2 mi: şıklar yetki listesinin öğeleri → O1
2021;20;GENEL KÜLTÜR;HUKUK;Anayasa - milletvekili seçilme yaşı;;D;D1;;verilmiştir;sayi;0;A;resmi;;;;2017 değişikliğiyle milletvekili seçilme yaşı 18 (A). Çeldiriciler eski eşikler (30, 25) ve diğer yaş sınırları (21, 40).;;
2021;21;GÜMRÜK;TEMEL;Dahilde İşleme;4458 sayılı Gümrük Kanunu md. 108;K;K1;;ne ad verilir;kisa;0;A;resmi;;;;"Kök GK 108/1 tanımının aynısı; cevap şartlı muafiyet sistemi (A). Çeldiriciler 'Şartlı ... sistemi' kalıbına uydurulmuş sahte adlar.";;
2021;22;GÜMRÜK;TEMEL;Temsil;4458 sayılı Gümrük Kanunu md. 5;O;O2;F_DAYANAK;söylenemez;cumle;0;C;resmi;;orta;POLARITE;"Dört şık GK 5 fıkraları aynen; C'de temsilcinin beyan etme, temsil şeklini belirtme ve yetki belgesi ibraz zorunluluğu 'zorunda değildir' yapılmış.";;
2021;23;GÜMRÜK;TEMEL;Antrepo;4458 sayılı Gümrük Kanunu md. 95-96;O;O2;;yanlıştır;cumle;0;B;resmi;;en_kisa;POLARITE;"Şıklar GK 95-96 cümleleri; B'de 'İzin, yalnızca Türkiye'de yerleşik kişilere verilir' hükmü 'yerleşik olma şartı aranmaz' yapılmış. Kök ve şıklarda eski 'Gümrük Müsteşarlığı' terimi.";;
2021;24;GÜMRÜK;TEMEL;Belge Saklama;4458 sayılı Gümrük Kanunu md. 13;O;O2;F_MUTLAK F_DAYANAK F_MADDENO;yanlıştır;cumle;0;E;resmi;;en_uzun;ZAMAN_YER;"Dört şık GK 13 bentleri; E'de sürenin başlangıcı tescil yılının 'sonundan' → 'başından' kaydırılmış, ayrıca '(b) bendi dışında' kaydı 'her türlü eşya' ile mutlaklaştırılmış. D'de 11. madde atfı.";;
2021;25;GÜMRÜK;TEMEL;Yetkilendirilmiş Yükümlü;4458 sayılı Gümrük Kanunu md. 5/A;O;O1;F_DAYANAK F_MADDENO;yer almaz;cumle;0;A;resmi;;en_uzun;MINIMAL_CIFT;"Dört şık GK 5/A şartları; A'da 'en az üç yıldır faaliyet' şartı onaylanmış kişi statüsündeki 'iki yıl'a çekilmiş (GİKY: en az 3 yıl). E'de 4. madde atfı.";;O1 mi O2 mi: şıklar şart listesinin öğeleri → O1
2021;26;GÜMRÜK;TEMEL;Temel Tanımlar;4458 sayılı Gümrük Kanunu md. 3;D;D1;F_DAYANAK;düzenlenmiştir;sayi;0;D;resmi;;;;GK 3/15'te sekiz gümrük rejimi sayılır (D). Çeldiriciler 5–9 ardışık sayılar.;;
2021;27;GÜMRÜK;TEMEL;Tarife;4458 sayılı Gümrük Kanunu md. 15;O;O1;F_MUTLAK F_DAYANAK;kapsamaz;cumle;0;A;resmi;;orta;MINIMAL_CIFT;"Dört şık GK 15/3 bentleri aynen; A'da 'bazı eşyaya şartlı uygulanacak muafiyet veya indirim' 'sadece serbest bölgeye konulan eşyaya' diye daraltılmış (mutlak ifade doğru cevapta).";;O1 mi O2 mi: şıklar GK 15/3 kapsam listesinin öğeleri → O1
2021;28;GÜMRÜK;TEMEL;Transit;4458 sayılı Gümrük Kanunu md. 84;K;K1;;hangisidir;kisa;0;A;resmi;;;;"Kök GK 84/1 transit tanımı (ihracat işlemleri tamamlanmış eşyanın TGB içinde taşınması); cevap transit rejimi (A). Çeldiriciler diğer gümrük rejimleri.";;
2021;29;GÜMRÜK;TEMEL;Gümrük Kıymeti;4458 sayılı Gümrük Kanunu md. 25;D;D2;F_DAYANAK;değiştirilebilir;kisa;0;C;resmi;;;;GK 25/1: beyan sahibinin yazılı talebiyle (c) indirgeme ve (d) hesaplanmış kıymet yöntemlerinin sırası değişebilir (C). Çeldiriciler kıymet yöntemlerinin diğer ikilileri.;;D2 mi D3 mü: tek doğru yöntem çiftinin adı soruluyor → D2
2021;30;GÜMRÜK;TEMEL;Geri Gelen Eşya;4458 sayılı Gümrük Kanunu md. 168;D;D1;F_DAYANAK;muaf tutulur;sayi;0;C;resmi;;;;GK 168/1: ihraçtan sonra üç yıl içinde geri gelen eşya ithalat vergilerinden muaf (C). Çeldiriciler 1–5 yıl ardışık süreler.;;
2021;31;GÜMRÜK;TEMEL;Gümrük Kıymeti;4458 sayılı Gümrük Kanunu md. 24;O;O2;F_DAYANAK;söylenemez;cumle;0;E;resmi;;orta;POLARITE;"Şıklar GK 24/3 cümleleri; E'de alıcının kendi hesabına yaptığı pazarlama faaliyetlerinin 'satıcıya dolaylı ödeme olarak değerlendirilmez' hükmü 'değerlendirilir' yapılmış. D aynı hükmün doğru ikizi; D'de 27. madde atfı.";;
2021;32;GÜMRÜK;TEMEL;Taşıtlar;"Gümrük Yönetmeliği (taşıtların geçici çıkışı); süre 4458 sayılı Gümrük Kanunu md. 168";O;O2;;doğru değildir;cumle;0;D;resmi;;en_kisa;SURE_SAYI;"Şıklar TGB'den geçici çıkarılan taşıtlara ilişkin hükümler; D'de GK 168'deki üç yıllık kanuni süre (GGT Hariçte İşleme-Geçici İhracat Seri 1 md. 6) 'beş yıl' yapılmış.";;
2021;33;GÜMRÜK;TEMEL;Özet Beyan;4458 sayılı Gümrük Kanunu md. 35/A-36;O;O2;F_DAYANAK;yanlıştır;cumle;0;D;resmi;;orta;ETIKET;"Dört şık GK 35/A ve 36 cümleleri aynen; D'de 'girişinden itibaren gümrük gözetimine tabidir' ifadesindeki gözetim kavramı 'gümrük kontrolü' ile değiştirilmiş.";;
2021;34;GÜMRÜK;TEMEL;Tasfiye;4458 sayılı Gümrük Kanunu md. 180;D;D6;;belirlenir;kisa;0;A;resmi;;;;"GK 180/3: beyanname verilmişse tescil tarihindeki vergi oranı (A). Çeldiriciler tasfiye sürecinin diğer tarihleri; tahakkuk belgesi tarihi (B) tarih bilinmeyen hâl için gerçek komşu kural.";;
2021;35;GÜMRÜK;TEMEL;Gümrük Kıymeti;4458 sayılı Gümrük Kanunu md. 30;D;D6;F_MATRIS F_DAYANAK;çevrilir;kisa;0;A;resmi;;;;"GK 30: yükümlülüğün başladığı tarihteki TCMB döviz satış kuru (A). Şıklar döviz/efektif × alış/satış matrisi; E uydurma 'nominal' kur.";;D6 mı D2 mi: 'hangi kur üzerinden çevrilir' usul sorusu → D6
2021;36;GÜMRÜK;TEMEL;Geçici Depolama/GOBİK;"Gümrük Yönetmeliği md. 76; 4458 sayılı Gümrük Kanunu md. 46";O;O2;F_DAYANAK;söylenemez;cumle;0;A;resmi;;en_uzun;SURE_SAYI;"B–E GK 46 fıkraları aynen; A GY 76/3 cümlesi, gerekçe istenen 'bir ayı aşan' uzatım talebi 'elli günü aşan' yapılmış. Kök Kanun dese de bozulan cümle Yönetmelikten.";;
2021;37;GÜMRÜK;TEMEL;Gümrük Müşavirliği;"4458 sayılı Gümrük Kanunu md. 229; Gümrük Yönetmeliği md. 561-562";O;O2;F_MUTLAK F_DAYANAK;doğru bir ifade değildir;cumle;0;C;resmi;;en_kisa;POLARITE;C'de GK 229/2'deki 'gümrük müşavir yardımcıları da ortak olabilirler' hükmü 'ortak olamazlar' yapılmış. D'deki 'sadece çalıştıkları şirkete ait eşya' ifadesi GY 562'nin aynısı: mutlak ifadeli doğru çeldirici.;;
2021;38;GÜMRÜK;TEMEL;Bağlayıcı Bilgi (BTB/BMB);Gümrük Yönetmeliği md. 28-29;O;O1;F_DAYANAK;biri değildir;cumle;0;B;resmi;;orta;KOMSU_LISTE;"Dört şık GY 29/4'teki BMB başvuru bilgileri aynen; B, GY 28/3-d'deki BTB başvurusuna ait 'tahlil metotları'.";;
2021;39;GÜMRÜK;TEMEL;Gümrük Kıymeti;Gümrük Yönetmeliği md. 48;D;D1;F_DAYANAK;esas alınır;sayi;0;D;resmi;;;;GY 48/3: ithal tarihinden itibaren doksan gün içindeki ilk satışın birim fiyatı (D). Çeldiriciler mevzuatta sık geçen 20–120 günlük süreler.;;
2021;40;GÜMRÜK;TEMEL;Geçici Depolama/GOBİK;Gümrük Yönetmeliği md. 79;D;D1;F_DAYANAK;kalabilir;sayi;0;C;resmi;;;;"GY 79/2: yolcu eşyası üç ay kalır, mücbir sebep aranmaksızın üç aya kadar uzatılabilir (C). Kökteki 'uzatılarak kalabilir' toplam süre (6, D) olarak da okunabilir; anahtar uzatma süresini esas alıyor.";;
2021;41;GÜMRÜK;TEMEL;Antrepo;4458 sayılı Gümrük Kanunu md. 70;D;D1;;gerekir;sayi;0;E;resmi;;;;"GK 70/2: antrepodaki eşya için GOİK beyannamesi tescilinden itibaren otuz gün (E). Çeldiriciler 7–20 gün; aynı süre GK 177/1-f'de tasfiye nedeni (bkz. 63).";;
2021;42;GÜMRÜK;TEMEL;Serbest Dolaşıma Giriş;4458 sayılı Gümrük Kanunu md. 77-78;O;O3;;kaybetmez;cumle;0;B;resmi;;orta;TASIMA;"Dört şık GK 78'deki statü kaybı hâlleri aynen; cevap B, komşu GK 77'deki nihai kullanım hâli (eşya serbest dolaşımda kalır).";;O3 mü O1 mi: kökteki 'statüsünü kaybetmez' olumsuz kavramın olumsuzu → O3
2021;43;GÜMRÜK;TEMEL;Şartlı Muafiyet/EEGR;4458 sayılı Gümrük Kanunu md. 79;O;O1;;bahsedilemez;kisa;0;E;resmi;;;KOMSU_LISTE;"GK 79/1-b EEGR listesi: antrepo, DİR, GKAİR, geçici ithalat, HİR; transit (E) yalnız komşu 'şartlı muafiyet düzenlemesi' listesinde.";;
2021;44;GÜMRÜK;TEMEL;GKAİR;4458 sayılı Gümrük Kanunu md. 123;K;K1;;ne ad verilir;kisa;0;D;resmi;;;;"Kök GK 123/1 tanımı; elde edilen ürünler 'işlenmiş ürün' (D). Çeldiriciler 'X ürün' kalıbında uydurma adlar.";;
2021;45;GÜMRÜK;TEMEL;Geçici İthalat;4458 sayılı Gümrük Kanunu md. 128;K;K1;;ne ad verilir;kisa;0;B;resmi;;;;"Kök GK 128 tanımı aynen; cevap geçici ithalat rejimi (B). Çeldiriciler diğer rejimler. Aynı tanım 75. soruda tekrar soruldu.";;
2021;46;GÜMRÜK;TEMEL;Serbest Bölge;4458 sayılı Gümrük Kanunu md. 156-157;O;O1;;yanlıştır;kisa;0;E;resmi;;;UYDURMA;"A–D GK 157/1'de serbest bölgedeki eşyaya izin verilen işlemler; E'de uydurma bir aylık süre sınırı (GK 156: süre sınırsız).";;O1 mi O2 mi: şıklar GK 157 listesinin kısa öğeleri, kök 'yanlıştır' → O1
2021;47;GÜMRÜK;TEMEL;Transit;4458 sayılı Gümrük Kanunu md. 85;O;O3;F_DAYANAK;oluşturmaz;kisa;0;D;resmi;;;KAPSAM;"GK 85/1: hava, boru hattı, demir yolu ve deniz yolu taşımalarında teminat aranmaz; kural kapsamında kalan kara yolu (D) cevap.";;O3 mü O1 mi: kök istisnanın olumsuzunu soruyor ('istisnasını oluşturmaz') → O3
2021;48;GÜMRÜK;ALT;YGM;Yetkilendirilmiş Gümrük Müşavirliği Tebliği md. 4;K;K1;F_DAYANAK;rapordur;kisa;0;C;resmi;;;;YGM Tebliği 4/ç günlük rapor tanımı (C). Çeldiriciler aynı tebliğdeki gerçek rapor adları (olumlu tespit, tespit raporu, aylık genel rapor) ve uydurma 'sayım ve tespit raporu'.;;K1 mi D2 mi: tanım verilip ad soruluyor → K1
2021;49;GÜMRÜK;TEMEL;Dış Ticaret Belgeleri;Gümrük Yönetmeliği md. 117;K;K1;;ne ad verilir;kisa;0;B;resmi;;;;"Kök GY 117 çeki listesi tanımı (B). A 'ayrıntılı fatura' komşu GY 116'nın kavramı; diğerleri genel dış ticaret belgeleri.";;
2021;50;GÜMRÜK;TEMEL;Beyan;Gümrük Yönetmeliği md. 124;D;D1;F_SERI;yapılmalıdır;kisa;0;C;resmi;;;;GY 124/2: yanlış rejim nedeniyle iptal talebi tescilden itibaren üç ay içinde (C). Şıklarda yalnız ay sayısı (1–5) değişiyor.;;
2021;51;GÜMRÜK;TEMEL;Beyan;Gümrük Yönetmeliği md. 180;E;E3;F_DAYANAK F_SERI;hangisidir;eslesme;4;A;resmi;;en_uzun;;"Öncüller GY 180/2'deki hat tanımları; doğru permütasyon kırmızı–sarı–mavi–yeşil (A). Çeldiriciler mavi–yeşil ve kırmızı–sarı yerlerinin takas edildiği permütasyonlar.";;E3 mü S1 mi: tanım–renk eşleşmesinin permütasyonu → E3
2021;52;GÜMRÜK;TEMEL;Hariçte İşleme;Gümrük Yönetmeliği md. 308;K;K1;;ne ad verilir;kisa;0;A;resmi;;;;Kök GY 308/1-l üçgen trafik tanımı aynen (A). Çeldiriciler başka gümrük kavramları (elleçleme, rejim adları, geçici depolama).;;
2021;53;GÜMRÜK;TEMEL;Geçici İthalat;4458 sayılı Gümrük Kanunu md. 133;D;D1;;tespit edilir;sayi;0;C;resmi;;;;GK 133/1: kısmi muafiyette her ay için vergilerin %3'ü (C). Çeldiriciler 1–5 ardışık oranlar.;;
2021;54;GÜMRÜK;TEMEL;Antrepo;Gümrük Yönetmeliği md. 329;K;K1;;tipidir;kisa;0;A;resmi;;;;GY 329/1-a A tipi antrepo tanımı (A). Çeldiriciler diğer antrepo tipleri (B: kullanıcının sorumlu olduğu genel, C/D/E özel).;;K1 mi D2 mi: tanım verilip tip adı soruluyor → K1
2021;55;GÜMRÜK;TEMEL;Serbest Bölge;Gümrük Yönetmeliği md. 424;O;O2;;yanlıştır;cumle;0;E;resmi;;orta;POLARITE;"Dört şık GY 424 fıkraları aynen; E'de iptal edilen gümrük statü belgelerinin 'tescil defterine meşruhatla dosyasında saklanır' hükmü 'imha edilir' yapılmış.";;
2021;56;GÜMRÜK;TEMEL;Tasfiye;4458 sayılı Gümrük Kanunu md. 178;Ö;Ö3;F_DAYANAK;tabi tutulabilir;kombinasyon;5;B;resmi;;;KOMSU_LISTE;"GK 178 tasfiye yöntemleri: ihale, yeniden ihraç amaçlı satış, perakende, tahsis, imha, özel yol; IV 'mutat elleçleme' başka hükümden gerçek kavram. Cevap I, II, III ve V (B).";;
2021;57;GÜMRÜK;ALT;YGM;Yetkilendirilmiş Gümrük Müşavirliği Tebliği md. 4;O;O1;F_DAYANAK;yer almaz;kisa;0;D;resmi;;;BASKA_HUKUK;"Dört şık YGM Tebliğinde tanımlı rapor türleri (olumlu, olumsuz, şartlı tespit, tespit raporu); 'tasdik raporu' (D) vergi mevzuatındaki YMM raporu.";;
2021;58;GÜMRÜK;TEMEL;Muafiyetler;4458 sayılı Gümrük Kanunu md. 167/8;O;O1;;kapsamında değildir;cumle;0;B;resmi;;orta;MINIMAL_CIFT;"Dört şık GK 167/8 ticari faaliyet istisnaları aynen; B'de 'işyeri nakli suretiyle' ithal edilen sermaye malları 'işyeri nakli hariç' yapılmış.";;
2021;59;GÜMRÜK;TEMEL;Posta/Hızlı Kargo;4458 sayılı Gümrük Kanunu md. 173;Ö;Ö3;;tabidir;kombinasyon;4;C;resmi;;;KOMSU_LISTE;"GK 173/1: gelen, gönderilen, iade edilen eşya, posta çantaları ve koliler kontrol ve muayeneye tabi; II aynı fıkranın istisnası (eşya içermeyen mektuplar). Cevap I, III ve IV (C).";;Ö3 mü Ö1 mi: öncüller kısa gönderi başlıkları → Ö3
2021;60;GÜMRÜK;TEMEL;Tasfiye;4458 sayılı Gümrük Kanunu md. 179;D;D6;;istenebilir;kisa;0;D;resmi;;;;GK 179/1: ihale ile tasfiyede ihale ilanının yayımlandığı tarihe kadar rejim veya yeniden ihraç istenebilir (D). Çeldiriciler ihale sürecinin sonraki aşamaları.;;
2021;61;GÜMRÜK;ALT;Dış Ticaret Belgeleri;Kaynakta yok (dış ticaret uygulaması);K;K1;F_DAYANAK;ne ad verilir;kisa;0;D;resmi;;;;Teklif niteliğindeki ön fatura proforma faturadır (D). Çeldiriciler diğer ticari belgeler (fatura, tedarikçi beyanı, navlun faturası, irsaliye).;;
2021;62;GÜMRÜK;TEMEL;Tasfiye;4458 sayılı Gümrük Kanunu md. 180;D;D6;F_SERI;tamamlanır;kisa;0;A;resmi;;;;GK 180/4: şerhler tasfiye kararının alındığı tarihten itibaren kalkmış sayılır (A). Çeldiriciler tasfiye sürecinin diğer anları (tamamlanma, vergi ödeme, yeniden ihraç talebi, iade).;;
2021;63;GÜMRÜK;TEMEL;Tasfiye;4458 sayılı Gümrük Kanunu md. 177;O;O1;F_DAYANAK F_SERI;tabi değildir;cumle;0;B;resmi;;en_uzun;MINIMAL_CIFT;"Dört şık GK 177/1'deki tasfiyelik eşya bentleri aynen; B'de antrepodaki eşyanın işlem süresi otuz gün → on gün (bkz. 41).";;O1 mi O2 mi: şıklar GK 177 listesinin hâl başlıkları → O1
2021;64;GÜMRÜK;TEMEL;Geri Gelen Eşya;Gümrük Yönetmeliği md. 453;D;D6;F_MATRIS;belirtilmiştir;cumle;0;A;resmi;;orta;;"GY 453/1: üç yıllık süre aşılırsa 241/3-ı usulsüzlük cezası, vergi tahsili ve serbest dolaşıma giriş hükümleri (A). Şıklar ceza türü × vergi alınır/alınmaz × rejim matrisi; B GY 453/2'deki komşu hâl.";;D6 mı G1 mi: olay verilmeden genel usul sonucu, şıklar matris → D6
2021;65;GÜMRÜK;TEMEL;Posta/Hızlı Kargo;Gümrük Yönetmeliği md. 455;O;O1;;yer almaz;kisa;0;E;resmi;;;UYDURMA;"A–D GY 455/2'deki koli listesi bilgileri; E 'koliyi muayene eden memurun adres bilgileri' uydurma.";;
2021;66;GÜMRÜK;TEMEL;Gümrük Vergileri;Kaynakta doğrudan hüküm yok (GK tarife, menşe ve kıymet hükümleri);Ö;Ö3;F_TUMU;dikkate alınır;kombinasyon;3;E;resmi;;;;"Gümrük vergisinin üç unsuru (tarife sınıflandırması, menşe, kıymet) birlikte dikkate alınır; yabancı öğe yok, cevap tüm öncüller (E).";;
2021;67;GÜMRÜK;TEMEL;Posta/Hızlı Kargo;Gümrük Yönetmeliği md. 468;D;D2;;sevk edilir;kisa;0;B;resmi;;;;GY 468/1: mektup postası dışındaki eşya başka idareye transit rejimi hükümleriyle sevk edilir (B). Çeldiriciler diğer gümrük rejimleri.;;
2021;68;GÜMRÜK;TEMEL;İhracat;4458 sayılı Gümrük Kanunu md. 151;K;K1;F_DAYANAK;ne ad verilir;kisa;0;D;resmi;;;;"Kök GK 151 cümlesi ('fiilen ihraç edilmiş sayılır'); cevap fiilî ihracat (D). Çeldiriciler ithalat/ihracat ikizleri ve 'kayda bağlı ihracat'.";;
2021;69;GÜMRÜK;TEMEL;Akaryakıt-Kumanya;Gümrük Yönetmeliği md. 478;O;O1;;birisi değildir;cumle;0;E;resmi;;orta;UYDURMA;"A–D GY 478/1 şartları (AŞ/Ltd, 50.000 TL sermaye, 200 DWT tanker veya teminat, sabıka); E 'TGB dışına sefer yapmama' uydurma şart.";;O1 mi O2 mi: şıklar şart listesi → O1
2021;70;GÜMRÜK;TEMEL;Kabotaj;Gümrük Yönetmeliği md. 481;D;D2;;belirlenir;kisa;0;A;resmi;;;;"GY 481/1: alınan ve sarf edilen yakıt farkı seyir jurnali ve devriçark defterine göre (A). Çeldiriciler ticari defterlerle (envanter, yevmiye, defterikebir, karar defteri) kurulmuş ikililer; E'de biri doğru biri yanlış.";;
2021;71;GÜMRÜK;TEMEL;Beyan;Kaynakta doğrudan tanım yok (gümrük beyanı: 4458 sayılı Gümrük Kanunu md. 3);K;K1;;hangisidir;kisa;0;C;resmi;;;;"Gönderici-alıcı, kıymet, tarife, menşe, vergi ve eşlik eden belge bilgilerini içeren belge gümrük beyannamesi (C). Çeldiriciler diğer dış ticaret belgeleri; kökteki 'ihracatçı birliği onayı' eski ihracat uygulamasına gönderme.";;
2021;72;GÜMRÜK;TEMEL;Muafiyetler;Gümrük Yönetmeliği md. 438;O;O1;F_SERI;yararlanamaz;cumle;0;D;resmi;;orta;MINIMAL_CIFT;"Dört şık GY 438'de diplomatik muafiyetten yararlananlar; D'de milletlerarası kuruluşların Türkiye'de 'ikamet eden' misyon şefleri 'ikamet etmeyen' yapılmış.";;
2021;73;GÜMRÜK;TEMEL;Muafiyetler;4458 sayılı Gümrük Kanunu md. 167/10;Ö;Ö3;F_TUMU F_SERI;kapsamındadır;kombinasyon;3;E;resmi;;;;"Öncüller GK 167/10 bilgi materyali bentlerinin aynısı; yabancı öğe yok, cevap tüm öncüller (E).";;
2021;74;GÜMRÜK;TEMEL;Muafiyetler;4458 sayılı Gümrük Kanunu md. 167/7;Ö;Ö3;F_TUMU F_SERI;kapsamındadır;kombinasyon;4;E;resmi;;;;"Öncüller GK 167/7'nin (a), (b), (f), (e) bentleri aynen; cevap tüm öncüller (E). B şıkkında 'IIII' baskı hatası.";;
2021;75;GÜMRÜK;TEMEL;Geçici İthalat;4458 sayılı Gümrük Kanunu md. 128;K;K1;;rejimdir;kisa;0;A;resmi;;;;"45. sorudaki GK 128 tanımının tekrarı, bu kez 'hangisi ... rejimdir' kalıbıyla; cevap geçici ithalat rejimi (A).";;
2021;76;GÜMRÜK;TEMEL;Gümrük Müşavirliği;"4458 sayılı Gümrük Kanunu md. 226; Gümrük Yönetmeliği md. 561";G;G1;F_MUTLAK F_DAYANAK F_SERI;doğru bir ifadedir;cumle;0;E;resmi;;en_uzun;POLARITE+MAKAM;E GY 561/3 aynen. Çeldiriciler GK 226 tahrifleri: A GM'ye ait 'her türlü işlemi sonuçlandırma' yetkisi GMY'ye taşınmış, B ve C iş takibi yasağı tersine çevrilmiş, D mali sorumluluk GM'den GMY/stajyerin kendisine kaydırılmış.;;
2021;77;GÜMRÜK;TEMEL;Gümrük Müşavirliği;Gümrük Yönetmeliği md. 573;D;D2;F_DAYANAK F_SERI;belirtilmiştir;kisa;0;C;resmi;;;;GY 573/4: izin belgeleri 492 sayılı Harçlar Kanunu uyarınca ruhsat harcına tabi (C). Çeldiriciler diğer mali yükümlülük adları.;;
2021;78;GÜMRÜK;TEMEL;Teminat ve Faiz;4458 sayılı Gümrük Kanunu md. 193;K;K1;F_DAYANAK;kamu alacağıdır;kisa;0;B;resmi;;;;"Kök GK 193/3 tanımı; gecikme zammı oranında faiz (B). Çeldiriciler yakın fer'i alacaklar (tecil faizi, uydurma 'tecil zammı') ve ceza/vergi türleri.";;
2021;79;GÜMRÜK;TEMEL;Tahakkuk-Tebliğ-Ödeme;4458 sayılı Gümrük Kanunu md. 197;O;O2;F_DAYANAK;yanlıştır;cumle;0;E;resmi;;orta;ETIKET;"A–D GK 197 fıkraları aynen; E'de ceza davası açılmışsa uygulanan 'TCK dava ve ceza zamanaşımı' '6183 sayılı Kanun tahsil zamanaşımı' ile değiştirilmiş.";;
2021;80;GÜMRÜK;TEMEL;Geri Verme-Kaldırma;4458 sayılı Gümrük Kanunu md. 210-211;O;O2;;yanlıştır;cumle;0;C;resmi;;en_uzun;ETIKET;"A, B, D, E GK 210-211 aynen; C'de geri verme hükümlerinin uygulandığı 'bu Kanun kapsamında' tatbik edilen para cezaları '6183 sayılı Kanun kapsamında' yapılmış (79 ile aynı 6183 hilesi).";;
2021;81;GÜMRÜK;TEMEL;Tahakkuk-Tebliğ-Ödeme;4458 sayılı Gümrük Kanunu md. 198;G;G1;F_DAYANAK;doğru bir ifadedir;cumle;0;C;resmi;;orta;SURE_SAYI+POLARITE;C GK 198/1 son cümlesi aynen (tecil faizi). Çeldiriciler: A on beş gün → bir ay, B otuz günlük uzatma → üç ay, D kısmi ödeme serbestisi → kabul edilmez, E itiraz ödeme süresini 'keser' → 'kesmez'.;;
2021;82;GÜMRÜK;ALT;Yetkilendirilmiş Yükümlü;Gümrük İşlemlerinin Kolaylaştırılması Yönetmeliği md. 27;D;D1;F_DAYANAK;alınmaktadır;sayi;0;B;resmi;;;;GİKY 27/1: antrepo, GKAİR ve geçici ithalatta YYS sahibinden talep hâlinde ithalat vergilerinin %10'u kadar teminat (B). Çeldiriciler 5–100 arası yaygın oranlar.;;
2021;83;GÜMRÜK;TEMEL;Gümrük Müşavirliği;4458 sayılı Gümrük Kanunu md. 227;O;O1;F_DAYANAK F_SERI;sayılmamıştır;cumle;0;C;resmi;;orta;MINIMAL_CIFT;"Dört şık GK 227/1 koşulları; C'de staj süresi bir yıl → üç yıl.";;O1 mi O2 mi: şıklar koşul listesinin öğeleri → O1
2021;84;GÜMRÜK;TEMEL;Gümrük Müşavirliği;Gümrük Yönetmeliği md. 563;D;D6;F_MATRIS F_DAYANAK F_SERI;zorundadırlar;kisa;0;A;resmi;;;;GY 563/2: değişiklikler bir hafta içinde gümrük müşavirleri derneklerine bildirilir (A). Şıklar süre (bir hafta/bir ay) × makam (dernek/bölge müdürlüğü) matrisi ve bir uydurma kombinasyon (on beş gün, gümrük müdürlüğü).;;D6 mı D1 mi: süre ve makam birlikte soruluyor (matris) → D6
2021;85;GÜMRÜK;TEMEL;Gümrük Müşavirliği;Gümrük Yönetmeliği md. 563;D;D2;F_DAYANAK F_SERI;zorundadırlar;kisa;0;E;resmi;;;;GY 563/4: müstakil dolaylı temsilci gümrük müşaviri serbest meslek makbuzu düzenler (E). Çeldiriciler VUK'taki diğer belgeler (müstahsil makbuzu, gider pusulası, tahsil makbuzu, tediye fişi).;;
2021;86;GÜMRÜK;ALT;Gümrük Müşavirliği;Gümrük Müşavirliği ve Yetkilendirilmiş Gümrük Müşavirliği Asgari Ücret Tarifesine İlişkin Tebliğ md. 5;D;D1;F_GUNCEL F_DAYANAK F_SERI;indirim oranıdır;sayi;0;A;resmi;;;;"Tebliğ 5/b'deki SDŞ/DTSŞ/OKSB/YYS ihracat indirimi; resmî cevap %25 (A). Kaynaktaki güncel metinde oran %20 (30.12.2025 değişikliği dipnotlu); çeldiriciler aynı maddedeki diğer indirim oranları (35, 50) ve yakın değerler.";;
2021;87;GÜMRÜK;ALT;YGM;Yetkilendirilmiş Gümrük Müşavirliği Tebliği (ZD1 tespit işlemi);D;D1;F_DAYANAK;kodlanır;kod;0;E;resmi;;;;YGM Tebliğinde tecil-taksitlendirmede çok zor durum tespiti ZD1 kodlu (E). Çeldiriciler kod kalıbında uydurma/benzer kodlar (BD1'e benzeyen BD3, çağrışımlı ÇZD).;;
2021;88;GÜMRÜK;ALT;Tahakkuk-Tebliğ-Ödeme;Gümrük Genel Tebliği (Tahsilat İşlemleri) (Seri No: 2);O;O1;F_DAYANAK;sayılmamıştır;kisa;0;C;resmi;;;YANLIS_ALTGRUP;"Formül (Kasa + Banka + Kısa vadeli alacaklar) / Kısa vadeli borçlar; 'stoklar' (C) aynı bilanço ailesinden (dönen varlık) ama formülde yok.";;
2021;89;GÜMRÜK;TEMEL;Dahilde İşleme;4458 sayılı Gümrük Kanunu md. 194;K;K1;F_DAYANAK;ifade edilmektedir;kisa;0;B;resmi;;;;"Kök GK 194/1 cümlesi aynen; bu yükümlülükte ödenen vergi telafi edici vergi (B, DİR Tebliği adlandırması). Çeldiriciler gerçek (EMY, ilave gümrük vergisi) ve uydurma (sübvansiyon, ikame vergi) mali yük adları.";;
2021;90;GÜMRÜK;TEMEL;Posta/Hızlı Kargo;4458 sayılı Gümrük Kanunu md. 225;D;D2;F_DAYANAK;hangisidir;kisa;0;E;resmi;;;;GK 225/1: posta ve hızlı kargo eşyasının miktar ve değerini Cumhurbaşkanı belirler (E). Çeldiriciler idari birimler ve başka bakanlık.;;
2021;91;GÜMRÜK;KAÇAKÇILIK;Kaçakçılık;5607 sayılı Kaçakçılıkla Mücadele Kanunu md. 4/9;D;D6;F_DAYANAK F_SERI;nedir;kisa;0;D;resmi;;;;5607 md. 4/9: kamuoyuna ilan mahkûmiyet hükmü kesinleşenler için (D). Çeldiriciler aynı maddedeki ağırlaştırıcı hâl (örgüt) ve ceza yargılamasının diğer aşamaları (ilk derece mahkûmiyeti, tekerrür, ikrar).;;D6 mı D2 mi: tek cevaplı koşul (ön şart) → D6
2021;92;GÜMRÜK;KAÇAKÇILIK;Kaçakçılık;5607 sayılı Kaçakçılıkla Mücadele Kanunu md. 16/A;D;D3;F_DAYANAK F_SERI;düzenlenmiştir;kisa;0;E;resmi;;;KOMSU_LISTE;Kaçak akaryakıtın tasfiyesi bağımsız 16/A maddesinde (E). Çeldiriciler Kanunun başka hükümlerinde (taşıta elkoyma, imha listesi, genel tasfiye) geçen eşya.;;D3 mü D2 mi: dört eşya özel tasfiye hükmü dışında, biri içinde → D3
2021;93;GÜMRÜK;KAÇAKÇILIK;Kaçakçılık;5607 sayılı Kaçakçılıkla Mücadele Kanunu md. 19;O;O1;F_DAYANAK F_SERI;arasında değildir;kisa;0;C;resmi;;;YANLIS_ALTGRUP;"5607 md. 19/1: mülki amirler, gümrük (Ticaret Bakanlığı), emniyet, jandarma ve sahil güvenlik personeli; gümrük sahasındaki özel güvenlik personeli (C) yetkisiz birim.";;
2021;94;GÜMRÜK;KAÇAKÇILIK;Kaçakçılık;5607 sayılı Kaçakçılıkla Mücadele Kanunu md. 20;O;O1;F_DAYANAK F_SERI;unsurlardan değildir;kisa;0;D;resmi;;;MINIMAL_CIFT;"5607 md. 20/1: tutanakta yer, ilgilinin kimlik ve yerleşim yeri, eşya miktarı, kanıtlar yer alır; düzenleyenler için yalnız unvan ve isim aranır, 'yerleşim yeri' ilgiliden düzenleyene kaydırılmış (D).";;
2021;95;GÜMRÜK;KAÇAKÇILIK;Kaçakçılık;5607 sayılı Kanuna göre Elkonulan Akaryakıtın Teslimi, Muhafazası, Tasfiyesi ve Yapılan Masraflara İlişkin Uygulama Yönetmeliği md. 21;Ö;Ö3;F_DAYANAK F_SERI;hangisidir;kombinasyon;4;E;resmi;;;YANLIS_ALTGRUP;"Sınav tarihindeki md. 21: Ticaret, İçişleri ve Hazine ve Maliye Bakanlıkları yetkili (E); Adalet Bakanlığı yetkisiz. 18.01.2024 değişikliğiyle Hazine ve Maliye çıkarıldı; güncel metne göre cevap III ve IV (C) olurdu.";;
2021;96;GÜMRÜK;KAÇAKÇILIK;Kaçakçılık;5607 sayılı Kaçakçılıkla Mücadele Kanunu md. 3/10;O;O1;F_MADDENO F_SERI;mümkün değildir;kisa;0;D;resmi;;;KOMSU_LISTE;"5607 md. 3/10 artırım listesi: akaryakıt, tütün, makaron, yaprak sigara kâğıdı, etil alkol, metanol, alkollü içki; elektronik sigara (D) yalnız md. 11/5 imha listesinde.";;
2021;97;GÜMRÜK;KAÇAKÇILIK;Kaçakçılık;5607 sayılı Kaçakçılıkla Mücadele Kanunu md. 9;Ö;Ö3;F_DAYANAK F_SERI;vermektedir;kombinasyon;5;E;resmi;;;BASKA_HUKUK;5607 md. 9/3: yasak yerlerde rastlanan kişiler durdurulur, aranır, kaçak eşyaya el konulur → I, II, III (E). IV gözaltı ve V teknik araçlarla izleme CMK tedbirleri.;;
2021;98;GÜMRÜK;KAÇAKÇILIK;Kaçakçılık;5607 sayılı Kaçakçılıkla Mücadele Kanunu md. 13;O;O2;F_DAYANAK F_SERI;yanlıştır;cumle;0;B;resmi;;orta;ETIKET;"A, C, D, E 5607 md. 13/1 aynen; B'de müsadere dayanağı 'TCK'nın eşya ve kazanç müsaderesi hükümleri' 3628 sayılı Kanunla değiştirilmiş.";;
2021;99;GÜMRÜK;KAÇAKÇILIK;Kaçakçılık;5607 sayılı Kaçakçılıkla Mücadele Kanunu (dayanan uygulama yönetmelikleri);O;O1;F_DAYANAK F_SERI;çıkartılmamıştır;kisa;0;D;resmi;;;UYDURMA;"Gerçek yönetmelikler: ikramiye, elkonulan eşya ve alıkonulan taşıtlar, akaryakıt, kara taşıtlarının sahiplerine iadesi; 'alıkonulan tarım ürünleri' (D) gerçek başlığa benzetilmiş uydurma.";;
2021;100;GÜMRÜK;KAÇAKÇILIK;Kaçakçılık;5607 sayılı Kaçakçılıkla Mücadele Kanunu md. 4/2;D;D1;F_DAYANAK F_SERI;artırılır;kisa;0;B;resmi;;;;5607 md. 4/2: suç üç veya daha fazla kişiyle birlikte işlenirse ceza yarı oranında artırılır (B). Şıklarda yalnız kişi sayısı (2–6) değişiyor.;;
2022;1;GENEL KÜLTÜR;TÜRKÇE;Paragraf - ana düşünce;;T;T5;;hangisidir;cumle;0;D;resmi;;en_kisa;;Kalabalık kentlerin yalnızlık ürettiği yargısı doğru cevapta (D) özetlenmiş. Çeldiriciler parçada olmayan ya da parçayla çelişen yargılar (A ters, B-C-E kapsam dışı).;;
2022;2;GENEL KÜLTÜR;TÜRKÇE;Sözcük anlamı - deyim;;T;T1;;verilmemiştir;cumle;0;B;resmi;;en_kisa;;Dört cümlede deyimin anlamı aynı cümlede açıklanmış (dilini tutamamak, iki ayağını bir pabuca sokmak, ağzında bakla ıslanmamak, bildiğini okumak). B'de 'kılı kırk yarmak' açıklamasız.;;
2022;3;GENEL KÜLTÜR;TÜRKÇE;Yazım kuralları;;T;T3;;vardır;cumle;0;C;resmi;;orta;;C'de 'hiç birşey' → doğrusu 'hiçbir şey' (bitişik/ayrı yazım). Çeldiricilerde ay adı, gök cismi, yön adı ve sayı yazımı doğru kullanılmış.;;
2022;4;GENEL KÜLTÜR;TÜRKÇE;Paragraf - akışı bozan cümle;;T;T5;;hangisidir;kisa;0;C;resmi;;;;"Parça anlama/anlaşılma üzerine; III. cümle 'insanlar arası mücadele' ile konudan sapıyor.";;
2022;5;GENEL KÜLTÜR;TÜRKÇE;Noktalama - kesme işareti;;T;T3;;yanlış kullanılmıştır;cumle;0;E;resmi;;en_kisa;;E'de '-lı' yapım ekinden önce kesme konmaz: 'Ankaralı'. Çeldiricilerde harf, belirli tarih bildiren ay adı, kurum ve kişi adlarına gelen çekim ekleri doğru ayrılmış.;;
2022;6;GENEL KÜLTÜR;MATEMATİK;Sayı-işlem - denklem;;M;M1;;kaçtır;sayi;0;C;resmi;;;;5x-12=2x → 3x=12 → x=4. Çeldiriciler ardışık tamsayılar.;;
2022;7;GENEL KÜLTÜR;MATEMATİK;Sayı-işlem - işlem sonucu;;M;M1;;kaçtır;gorsel;0;E;resmi;;;;"İşlem ve şıklar görsel (PDF'te metin yok); kök 'işleminin sonucu kaçtır' olduğundan M1. Resmî cevap E.";;
2022;8;GENEL KÜLTÜR;MATEMATİK;Sayı-işlem - doğru/yanlış eşitlik;;M;M1;;yanlıştır;gorsel;0;D;resmi;;;;"Şıklar görsel (PDF'te metin yok); beş sayısal ifadeden yanlış olanı bulma, M1 varsayıldı. Resmî cevap D.";;
2022;9;GENEL KÜLTÜR;MATEMATİK;Sayı-işlem - bölen ve kat;;M;M1;F_YALNIZ;doğrudur;kombinasyon;3;A;resmi;;;;"I doğru (6,12,...,60: 10 sayı); II yanlış (12, 30'u bölmez); III yanlış (18'in en büyük böleni 18). Cevap 'Yalnız I'.";;"M1 mi Ö1 mi: genel kültür matematik sorusu; öncüllü biçime rağmen ana tip M"
2022;10;GENEL KÜLTÜR;MATEMATİK;Geometri - üçgen alanı;;M;M3;;kaçtır;sayi;0;A;resmi;;;;"10×6 dikdörtgende E kenar ortası; BCE dik üçgeni: ½·6·5 = 15. Şekil görsel, veriler kökte.";;
2022;11;GENEL KÜLTÜR;TARİH;Millî Mücadele - Misak-ı Millî;;O;O1;F_MUTLAK;biri değildir;cumle;0;E;resmi;;orta;TERS_ISLEV;Dört şık Misak-ı Millî esasları (bütünlük, Elviye-i Selase'de halkoyu, azınlık hakları karşılıklılığı, kapitülasyonların reddi). Cevap E, 'sınırların İtilaf onayıyla belirlenmesi' millî iradeye ters. 'Hiçbir şekilde' içeren D doğru esas.;;O1 mi O2 mi: şıklar cümle ama kapalı esaslar listesinin öğeleri → O1
2022;12;GENEL KÜLTÜR;TARİH;Millî Mücadele - Mondros Mütarekesi;;D;D2;;imzalanmıştır;kisa;0;D;resmi;;;;Mondros Mütarekesi (30 Ekim 1918). Çeldiriciler başka antlaşma/mütarekeler (Mudanya, Versay, Ankara, Sykes-Picot).;;
2022;13;GENEL KÜLTÜR;TARİH;Millî Mücadele - Amasya Genelgesi;;D;D2;;söylenmiştir;kisa;0;B;resmi;;;;'Milletin istiklalini yine milletin azim ve kararı kurtaracaktır' ilk kez Amasya Genelgesi'nde. Çeldiriciler Millî Mücadele dönemi kongre ve toplantıları.;;
2022;14;GENEL KÜLTÜR;TARİH;Atatürk ilkeleri - Halkçılık;;K;K1;;nedir;kisa;0;C;resmi;;;;"Kavram (Halkçılık) verilip amacı soruluyor (ters yönlü K1). Cevap 'sınıfsız, imtiyazsız, kaynaşmış kitle'; çeldiriciler ilkenin karşıtı (zümre egemenliği, sınıf esası).";;K1 mi D6 mı: kavram verilip anlamı/amacı soruluyor → K1 (ters yönlü)
2022;15;GENEL KÜLTÜR;TARİH;Dış politika - Lozan sonrası sorunlar;;D;D3;;biridir;kisa;0;A;resmi;;;KOMSU_LISTE;Boğazlar, Lozan'da Türkiye aleyhine düzenlenip Montrö (1936) ile lehe çözüldü. Çeldiriciler Lozan'da sonuçlandırılan konular (borçlar, adalar, kapitülasyonlar, azınlıklar). Kökteki 'çözülemeyip' ifadesi gevşek.;;
2022;16;GENEL KÜLTÜR;HUKUK;Temel hukuk - pozitif hukuk;;K;K1;;ne denir;kisa;0;D;resmi;;;;Tanım (belli zamanda uygulanan hukuk) → pozitif hukuk. Çeldiriciler 'yazılı', 'güncel' gibi tanıma çağrışan uydurma ya da yan kavramlar.;;
2022;17;GENEL KÜLTÜR;HUKUK;Anayasa - yasama (TBMM üye sayısı);;D;D1;;oluşur;sayi;0;D;resmi;;;;2017 değişikliğiyle 600 milletvekili. Çeldiriciler eski sayı (550) ve 50'şer artan komşu değerler.;;
2022;18;GENEL KÜLTÜR;HUKUK;Anayasa - Cumhurbaşkanlığı kararnameleri;;O;O2;;yanlıştır;cumle;0;C;resmi;;en_kisa;POLARITE;Dört şık CBK'nın gerçek özellikleri. C'de 'kanunlarda değişiklik yapamaz' kuralı tersine çevrilmiş (kanun-CBK çatışmasında kanun uygulanır).;;
2022;19;GENEL KÜLTÜR;HUKUK;Anayasa - siyasi partilerin mali denetimi;;D;D2;;yapar;kisa;0;A;resmi;;;;Siyasi partilerin mali denetimini Anayasa Mahkemesi yapar. Çeldiriciler diğer yüksek yargı ve denetim kurumları.;;
2022;20;GENEL KÜLTÜR;HUKUK;Temel hukuk - yasama işlemi;;D;D3;;yasama işlemidir;kisa;0;C;resmi;;;YANLIS_ALTGRUP;"Kanun tek yasama işlemi; dört çeldirici (yönetmelik, genelge, tüzük, talimat) idarenin düzenleyici işlemleri, yani aynı ailenin başka alt grubu.";;
2022;21;GÜMRÜK;KAÇAKÇILIK;Kaçakçılık;5607 sayılı Kaçakçılıkla Mücadele Kanunu md.2, 4, 15, 17;O;O2;F_DAYANAK F_SERI;yanlıştır;cumle;0;C;resmi;;orta;KAPSAM;Dört şık 5607 tanım ve hükümleri aynen (md.2/a, 15, 4/4, 17/2). C'de gümrüklenmiş değerden 'gümrük vergileri toplamı' unsuru atılmış, CIF/FOB'a daraltılmış.;;
2022;22;GÜMRÜK;KAÇAKÇILIK;Kaçakçılık;5607 sayılı Kaçakçılıkla Mücadele Kanunu md.4/1;D;D1;F_DAYANAK F_SERI;uygulanır;cumle;0;D;resmi;;en_kisa;;"Örgüt faaliyeti çerçevesinde ceza iki kat artırılır (md.4/1). B'deki 'yarı oranında' komşu fıkradan (üç veya daha fazla kişi, md.4/2); A TCK örgüt üyeliği çağrışımı.";;"D1 mi G1 mi: kök 'hangisi uygulanır', şıklar kat değerini cümle içinde veriyor; tek bilgi (kat) → D1"
2022;23;GÜMRÜK;KAÇAKÇILIK;Kaçakçılık;5607 sayılı Kaçakçılıkla Mücadele Kanunu md.12/2;D;D6;F_MATRIS F_DAYANAK F_SERI;uygulanır;cumle;0;E;resmi;;en_uzun;;Şıklar 'idari işlem / soruşturma' ile 'el koyma / müsadere / imha / iade' boyutlarının kombinasyonu. Doğrusu soruşturma ve eşyanın derhal getirildiği ülkeye iadesi (md.12/2).;;D6 mı V2 mi: somut olay yok, genel kural soruluyor → D6
2022;24;GÜMRÜK;KAÇAKÇILIK;Kaçakçılık;5607 sayılı Kaçakçılıkla Mücadele Kanunu md.3;G;G1;F_DAYANAK F_SERI;doğrudur;cumle;0;B;resmi;;orta;SURE_SAYI;"B md.3/2 aynen (2-5 yıl, 10.000 gün). Dört çeldiricide hapis sınırı kaydırılmış: A 1-5 → 1-3; C, D, E 1-3 → 1-5 (2014 değişikliği öncesi değerleri çağrıştırır).";;
2022;25;GÜMRÜK;KAÇAKÇILIK;Kaçakçılık;5607 sayılı Kaçakçılıkla Mücadele Kanunu md.19;O;O1;F_DAYANAK F_SERI;görevli değildir;kisa;0;D;resmi;;;KOMSU_LISTE;md.19/1 listesi: mülki amirler, Emniyet, Jandarma, Sahil Güvenlik. Kara Kuvvetleri hudut birlikleri ise 5607'ye dayanan ikramiye yönetmeliğinde geçen komşu öğe.;;
2022;26;GÜMRÜK;KAÇAKÇILIK;Kaçakçılık;5607 sayılı Kaçakçılıkla Mücadele Kanunu md.18;D;D2;F_DAYANAK F_SERI;kabul edilir;kisa;0;D;resmi;;;;md.18: ilgili gümrük idaresi başvurusu üzerine davaya katılan olur. Çeldiriciler kamu davalarında akla gelen diğer idareler (muhakemat, hukuk müşavirliği, defterdarlık, vergi dairesi).;;
2022;27;GÜMRÜK;KAÇAKÇILIK;Kaçakçılık;5607 sayılı Kaçakçılıkla Mücadele Kanunu md.3;O;O1;F_DAYANAK F_SERI;kaçakçılık fiili değildir;cumle;0;B;resmi;;orta;MINIMAL_CIFT;A, C, D, E md.3'teki fiiller aynen. B md.3/6'nın tahrifi: muaf eşyayı 'ithal amacı dışında kullanma/satma' yerine 'süresinde yurt dışına çıkarmama' yazılmış.;;O1 mi O2 mi: şıklar uzun ama kaçakçılık fiilleri listesinin öğeleri → O1
2022;28;GÜMRÜK;TEMEL;Temel Tanımlar;4458 sayılı Gümrük Kanunu md.3/15;O;O1;;değildir;kisa;0;D;resmi;;;MINIMAL_CIFT;GK 3/15'teki sekiz rejimden dördü şıkta. Yabancı öğe 'geçici ihracat': gerçek rejim 'geçici ithalat'ın tek kelimesi değiştirilmiş.;;
2022;29;GÜMRÜK;TEMEL;Gümrük Yükümlülüğü;4458 sayılı Gümrük Kanunu md.188;D;D6;;başlar;kisa;0;B;resmi;;;;İhracat vergisine tabi eşyada yükümlülük beyannamenin tescil tarihinde başlar (GK 188/2). Çeldiriciler sürecin diğer tarihleri (özet beyan, varış, yükleme, fatura).;;D6 mı D1 mi: cevap bir tarih türü (hangi tarih esas alınır) → D6
2022;30;GÜMRÜK;TEMEL;Fikri-Sınai Haklar;4458 sayılı Gümrük Kanunu md.57/1-b;D;D1;F_MATRIS;alıkonulabilir;sayi;0;B;resmi;;;;"Açık delil varsa re'sen alıkoyma en çok üç iş günü (GK 57/1-b). Şıklar 3/10 ile gün/iş günü çaprazı; 10 iş günü aynı maddenin 3. fıkrasındaki ihtiyati tedbir süresi.";;
2022;31;GÜMRÜK;TEMEL;Temel Tanımlar;4458 sayılı Gümrük Kanunu md.3/14;O;O1;F_DAYANAK;kapsamında değildir;kisa;0;C;resmi;;;UYDURMA;GK 3/14 hâlleri (rejime tabi tutma, serbest bölgeye giriş, yeniden ihraç, imha) dört şıkta. C, serbest bölgeyi çağrıştıran ama gümrük işlemi olmayan, OSB'deki firmaya iç satış.;;
2022;32;GÜMRÜK;TEMEL;Geçici Depolama/GOBİK;4458 sayılı Gümrük Kanunu md.46/2;D;D1;;tamamlanır;kisa;0;A;resmi;;;;"Süre denizyolunda 45 gün, diğer yollarda 20 gün (GK 46). A karayolu-20 doğru. C'de deniz süresi demiryoluna taşınmış; B, D, E uydurma süre/yol ikilileri.";;D1 mi G1 mi: kök süreyi soruyor, şıklar kısa yol-süre ikilisi → D1
2022;33;GÜMRÜK;TEMEL;Şartlı Muafiyet/EEGR;4458 sayılı Gümrük Kanunu md.79/1-b;O;O1;;değildir;kisa;0;B;resmi;;;KOMSU_LISTE;GK 79/1-b'deki EEGR listesinden dört rejim. Transit aynı maddenin (a) bendindeki şartlı muafiyet listesinde, yani komşu listeden gerçek öğe (Q62'nin aynası).;;
2022;34;GÜMRÜK;TEMEL;Gümrük Yükümlülüğü;4458 sayılı Gümrük Kanunu md.208;O;O1;;sona ermez;kisa;0;D;resmi;;;KOMSU_LISTE;GK 208 sona erme hâlleri (ödeme, kaldırma, iptal, müsadere) dört şıkta. Beyannamenin düzeltilmesi (GK 63) gerçek ama yükümlülüğü sona erdirmeyen komşu işlem.;;
2022;35;GÜMRÜK;ALT;İthalat Rejim Kararı;2020/3350 sayılı İthalat Rejimi Kararı md.9 ve ek listeler;O;O2;F_DAYANAK;yanlıştır;cumle;0;A;resmi;;orta;ETIKET;"Ek listelerin içerikleri (II sanayi, III işlenmiş tarım, V askıya alınmış; II-V'de düşük oran). A'da IV sayılı listenin içeriği (balık ve su ürünleri) I sayılı listeye yazılmış.";;
2022;36;GÜMRÜK;TEMEL;Cezalar;4458 sayılı Gümrük Kanunu md.235/1-c ve 235/4-b;O;O2;F_DAYANAK;yanlıştır;cumle;0;B;resmi;;orta;SURE_SAYI;Fark vergi, iade, transit ve terk seçenekleri 235/1-c ve 235/4-b'den aynen. B'de ceza tutarı 'gümrüklenmiş değerin iki katı' → 'gümrük vergileri tutarında' yapılmış.;;
2022;37;GÜMRÜK;TEMEL;Nihai Kullanım;"Gümrük Yönetmeliği md.207-210; Gümrük Genel Tebliği (Nihai Kullanım) (Seri No:1)";O;O2;;yanlıştır;cumle;0;C;resmi;;en_kisa;POLARITE;TPS başvurusu, izin verilecek kişiler, fark verginin teminata bağlanması ve YGM raporu doğru. C'de devir hükmü tersine çevrilmiş: GY 210 ve Tebliğ md.6'ya göre gümrük idaresinin izniyle devredilebilir.;;
2022;38;GÜMRÜK;ALT;Gümrük Vergileri;"Kaynakta yok (ithalatta alınan vergi ve fonlar; 3093 sayılı Kanun bandrol ücreti)";O;O1;F_GUNCEL;değildir;kisa;0;E;resmi;;;BASKA_HUKUK;"EMY, KDV, ÖTV, İGV ithalatta tahsil edilir. TRT bandrolü TRT Gelirleri mevzuatına ait; muhtemel gerekçe bandrol ücretinin 1.1.2022'den itibaren kaldırılması. Kaynak dosyalarda liste yok.";;
2022;39;GÜMRÜK;TEMEL;Serbest Dolaşıma Giriş;4458 sayılı Gümrük Kanunu md.78;O;O1;F_DAYANAK F_SERI;hallerden değildir;cumle;0;E;resmi;;orta;KOMSU_LISTE;A-D, GK 78'in dört bendi aynen (iptal, geri ödeme sistemi, 213 ve 214'e göre geri verme). E 'düzeltme' GK 63'ten gerçek ama statüyü sona erdirmeyen işlem (Q34 ile aynı çeldirici).;;O1 mi O2 mi: şıklar uzun ama GK 78 hâl listesinin öğeleri → O1
2022;40;GÜMRÜK;TEMEL;Serbest Dolaşıma Giriş;2009/15481 sayılı Karar md.13;D;D3;F_DAYANAK F_SERI;serbest dolaşıma girebilir;kisa;0;D;resmi;;;;Karar md.13: Türk bayrağı çekilmiş gemiler (md.14'te hava taşıtları) TGB'ye getirilmeksizin serbest dolaşıma girebilir. Çeldiriciler listeyle ilgisiz sıradan eşya.;;
2022;41;GÜMRÜK;TEMEL;Temel Tanımlar;4458 sayılı Gümrük Kanunu md.3/8-a;K;K1;F_DAYANAK;ifade eder;kisa;0;D;resmi;;;;GK 3/8-a tanımı aynen → gümrük vergileri. Çeldiriciler aynı maddenin komşu deyimleri (gümrük beyanı, gümrük statüsü) ile TPÖ ve İGV.;;
2022;42;GÜMRÜK;TEMEL;Cezalar;4458 sayılı Gümrük Kanunu md.235/1-a;D;D1;F_MATRIS F_DAYANAK F_MADDENO;verilir;kisa;0;B;resmi;;;;"İthali yasak eşyada gümrüklenmiş değerin dört katı (235/1-a). Şıklar matrah (gümrüklenmiş değer, ithalat vergileri, gümrük vergileri) ile iki/dört kat çaprazı; iki kat 235/1-c'den.";;
2022;43;GÜMRÜK;TEMEL;Tarife;Gümrük Yönetmeliği md.32/1-i;K;K1;;hangisidir;kisa;0;B;resmi;;;;"GY 32/1-i tanımı → tarife kontenjanı. 'Kota' aynı maddenin (h) bendinden komşu tanım; diğerleri ticaret politikası kavramları.";;
2022;44;GÜMRÜK;TEMEL;Gümrük Kıymeti;4458 sayılı Gümrük Kanunu md.24/1-d ve 24/2-a (GY Ek-8 yorum notları);G;G3;;mümkündür;kisa;0;A;resmi;;;;Dört çeldirici satış sayılmayan, satış bedeli yöntemi uygulanmayan işlemler (şube, finansal kiralama, ödünç, imha için ödeme). Cevap genel kurala döner: ilişki fiyatı etkilemediyse satış bedeli kabul edilir (GK 24/2-a). Dört öğelik liste kaynak metinde yok (Ek-8).;;D3 mı G3 mü: dört şık 'uygulanmaz' listesinden, kök kuralın uygulandığı hâli çağırıyor → G3
2022;45;GÜMRÜK;TEMEL;Beyan;Gümrük Yönetmeliği md.170 (ihracatta sözlü beyan);D;D2;F_DAYANAK;beyan edilir;kisa;0;B;resmi;;;;Vefat eden yabancının mirasçılarına giden kişisel eşya ve ev eşyası sözlü beyana tabi (GY 170). Çeldiriciler başka gümrük belgeleri (ATA, Form 302, INF 3, CPD).;;
2022;46;GÜMRÜK;TEMEL;Dahilde İşleme;4458 sayılı Gümrük Kanunu md.194/1;K;K1;F_DAYANAK;ne ad verilir;kisa;0;C;resmi;;;;GK 194/1 tanımına dayanan vergi → telafi edici vergi. Çeldiriciler diğer ithalat mali yükleri (EMY, İGV, eş etkili vergi) ve ihracat vergisi.;;
2022;47;GÜMRÜK;TEMEL;Gümrük Kıymeti;Gümrük Yönetmeliği md.43/1-ğ;O;O1;F_DAYANAK F_SERI;yer almaz;kisa;0;E;resmi;;;UYDURMA;GY 43/ğ: patent, dizayn, know-how, model, marka, tescilli tasarım, telif hakkı. 'Mizanpaj' fikri hak çağrıştıran ama tanımda olmayan terim.;;
2022;48;GÜMRÜK;TEMEL;Gümrük Kıymeti;Gümrük Yönetmeliği md.43/1-b ve 43/4;O;O1;F_SERI;zorunlu özelliklerden değildir;kisa;0;A;resmi;;;KOMSU_LISTE;Aynı eşya: fiziksel özellik, kalite, tanınma, aynı ülkede üretim (GY 43/b). 'Aynı kişi tarafından üretim' 43/4'teki öncelik kuralından alınmış, zorunlu değil.;;
2022;49;GÜMRÜK;TEMEL;Gümrük Kıymeti;4458 sayılı Gümrük Kanunu md.24/1-a;G;G3;F_SERI;engeller;kisa;0;E;resmi;;;;GK 24/1-a'nın engellemeyen kısıtlamaları (mevzuat, yetkili merci, coğrafi bölge, kıymeti önemli etkilemeyen) dört şıkta. Cevap genel kural: kullanım yeri ve şekline ilişkin kısıtlama satış bedelini engeller.;;D3 mı G3 mü: dört şık istisna listesinden, kök 'engeller' ile istisnanın tersini çağırıyor → G3
2022;50;GÜMRÜK;TEMEL;Gümrük Kıymeti;4458 sayılı Gümrük Kanunu md.26;O;O3;F_DAYANAK F_SERI;sayılmamıştır;kisa;0;E;resmi;;;POLARITE;Dört şık GK 26/2'de esas alınmayacak unsurlar (a, c, e, f). Cevap son yöntemin kendisi (önceki yöntemlerin makul esneklikle uygulanması), yani karşı taraftan gelen öğe.;;O3 mü O1 mi: kökteki kavram zaten olumsuz ('esas alınmayacak') ve olumsuzu soruluyor → O3
2022;51;GÜMRÜK;TEMEL;Gümrük Kıymeti;4458 sayılı Gümrük Kanunu md.27/1-a ve 28/e;O;O1;F_SERI;unsurlardan değildir;kisa;0;E;resmi;;;MINIMAL_CIFT;"GK 27/1-a ilaveleri (komisyon ve tellaliye, kap, ambalaj) dört şıkta. Satın alma komisyonu A'daki 'satış komisyonu'nun minimal çifti; hükümde açıkça hariç (28/e).";;
2022;52;GÜMRÜK;TEMEL;Gümrük Kıymeti;4458 sayılı Gümrük Kanunu md.24/3;O;O2;F_SERI;yanlıştır;cumle;0;E;resmi;;orta;POLARITE;"B, C, D GK 24/3-a aynen; A temettü yorum notu. E'de 24/3-b tersine çevrilmiş: alıcının kendi hesabına (pazarlama dahil) faaliyetleri dolaylı ödeme 'sayılmaz', kıymete eklenmez.";;
2022;53;GÜMRÜK;TEMEL;Gümrük Kıymeti;4458 sayılı Gümrük Kanunu md.25/2-d;O;O1;F_SERI;unsurlardan değildir;kisa;0;E;resmi;;;KOMSU_LISTE;Hesaplanmış kıymet: malzeme, imalat, mutat kâr ve genel gider, 27/1-e nakliye-sigorta. 'Pazarlama giderleri' GK 24/3-b ve GY 43/g'de geçen komşu kavram.;;
2022;54;GÜMRÜK;TEMEL;Teminat ve Faiz;4458 sayılı Gümrük Kanunu md.193/3;D;D2;F_DAYANAK F_MADDENO;uygulanır;kisa;0;A;resmi;;;;"GK 193/3: hatalı beyanla eksik alınan vergiye 'gecikme zammı oranında faiz'. B'deki 'gecikme zammı' oranın adıyla kurulmuş kilit çeldirici; tecil faizi ve pişmanlık zammı yan kavramlar.";;
2022;55;GÜMRÜK;TEMEL;Gümrük Kıymeti;"4458 sayılı Gümrük Kanunu md.30; Gümrük Yönetmeliği md.57";D;D6;F_MATRIS;çevrilir;kisa;0;B;resmi;;;;Yabancı paralar TCMB döviz satış kuruyla çevrilir (GK 30). Şıklar döviz/efektif ile alış/satış çaprazı ve serbest piyasa kuru.;;D6 mı D2 mi: kur türü (hangi kur esas alınır) usul sonucu → D6
2022;56;GÜMRÜK;TEMEL;GKAİR;Gümrük Yönetmeliği md.375;Ö;Ö3;F_TUMU;yer almaktadır;kombinasyon;4;E;resmi;;;;"Dört öncül GY 375'teki dört yöntem aynen, yalnız sırası karıştırılmış. Cevap tüm öncüller; 'biri yanlış olmalı' önyargısı hedefleniyor.";;Ö3 mü Ö1 mi: öncüller yöntem adları (isim öbeği) → Ö3
2022;57;GÜMRÜK;ALT;Geçici İthalat;Gümrük Genel Tebliği (Geçici İthal Edilen Kara Taşıtları) (Seri No:1) md.14/2;D;D2;F_DAYANAK;kaydedilir;kisa;0;A;resmi;;;;"Tüzel kişi adına kayıtlı otomobil eşya/yolcu taşımıyorsa 1 No.lu, taşıyorsa 2 No.lu programa kaydedilir. B minimal çift; MA-Takrir, NCTS, TIR başka sistemler.";;
2022;58;GÜMRÜK;ALT;Hariçte İşleme;Hariçte İşleme Rejimi Tebliği (İhracat: 2007/5) INF 2 tanımı;K;K1;F_SERI;hangisidir;kisa;0;B;resmi;;;;Kök INF 2 bilgi formunun tebliğdeki tanımını yeniden ifade ediyor. Çeldiriciler diğer INF formları (INF 1, 3, 6, 7).;;K1 mi D2 mi: kök belgenin tanımını veriyor → K1
2022;59;GÜMRÜK;TEMEL;Hariçte İşleme;4458 sayılı Gümrük Kanunu md.143;B;B1;F_MATRIS F_SERI;verilmiştir;bosluk;0;D;resmi;;;;GK 143 aynen: tamir masraflarına eşit tutar / serbest dolaşıma giriş beyannamesinin tescil tarihi. Şıklar kıymet esası (FOB, CIF, tamir masrafı) ile tarih (SDG tescil, geçici ihracat tescil veya kapanış) çaprazı.;;
2022;60;GÜMRÜK;TEMEL;Geçici İthalat;"2009/15481 sayılı Karar md.42-43; Gümrük Yönetmeliği (geçici ithalat)";O;O2;F_SERI;yanlıştır;cumle;0;E;resmi;;en_kisa;POLARITE;A Karar md.42 (%3 dışında teminat), B kriz yardımı teminatsız, C-D tüketilebilir ve ayniyeti tespit edilemeyen eşya yararlanamaz. E'de Karar md.43 tersine çevrilmiş: eşya 'satılamaz'.;;
2022;61;GÜMRÜK;ALT;Geçici İthalat;"Gümrük Genel Tebliği (Geçici İthal Edilen Kara Taşıtları) (Seri No:1) tanımlar (e); GY md.3/ğ";K;K1;F_DAYANAK F_SERI;hangisidir;kisa;0;A;resmi;;;;Kök CPD'nin tanımını aynen veriyor. Çeldiriciler aynı tebliğdeki diğer giriş belgeleri (geçici giriş belgesi, yabancı taşıtlar geçici giriş karnesi/formu, taşıt giriş-çıkış formu).;;K1 mi D2 mi: kök belge tanımını aynen veriyor → K1
2022;62;GÜMRÜK;TEMEL;Şartlı Muafiyet/EEGR;4458 sayılı Gümrük Kanunu md.79/1-a;O;O1;F_DAYANAK;biri değildir;kisa;0;D;resmi;;;KOMSU_LISTE;Şartlı muafiyet düzenlemesi: transit, antrepo, DİR şartlı muafiyet, GKAİR, geçici ithalat. Hariçte işleme (b) bendindeki EEGR listesinden komşu öğe (Q33'ün aynası).;;B1 mi O1 mi: kökte tek boşluk var ama şıklar liste öğesi, kök 'biri değildir' → O1
2022;63;GÜMRÜK;TEMEL;Gümrük Müşavirliği;4458 sayılı Gümrük Kanunu md.227/1-d;O;O1;;engel teşkil etmez;kisa;0;E;resmi;;;MINIMAL_CIFT;GK 227/1-d'deki irtikap, yalan yere şahadet, iftira, dolandırıcılık engel suçlar. 'Görevi kötüye kullanma', listedeki 'güveni kötüye kullanma'nın minimal çifti.;;
2022;64;GÜMRÜK;TEMEL;Disiplin;4458 sayılı Gümrük Kanunu Geçici md.6/9;D;D1;F_DAYANAK;alınabilir;sayi;0;D;resmi;;;;İzin belgesi tedbiren en fazla altı ay alınır. Çeldiriciler ay cinsinden komşu değerler (1-2-3-9).;;
2022;65;GÜMRÜK;TEMEL;Cezalar;4458 sayılı Gümrük Kanunu md.241/1-2 (yeniden değerlenen tutar);D;D1;F_GUNCEL F_DAYANAK F_MADDENO;kaç TL'dir;sayi;0;E;resmi;;;;"241/1 tutarı her yıl yeniden değerleme oranıyla güncellenir; 2022 tutarı 235 TL. 130/159/173 önceki yılların tutarlarıyla uyumlu, 206 ara değer (kaynak dosyada yıllık tutar yok).";;D1 mi H8 mi: tutar hesaplatılmıyor, bilgi olarak soruluyor → D1
2022;66;GÜMRÜK;TEMEL;İtiraz;4458 sayılı Gümrük Kanunu md.242/1;D;D1;F_DAYANAK;itiraz edebilirler;sayi;0;C;resmi;;;;GK 242: tebliğden itibaren on beş gün. Çeldiriciler idari sürelerde sık geçen 7/10/20/30 gün.;;
2022;67;GÜMRÜK;ALT;YGM;Yetkilendirilmiş Gümrük Müşavirliği Tebliği (AN tespit kodları);D;D1;F_DAYANAK;hangisidir;kod;0;D;resmi;;;;"AN8 genel antrepoya giriş-çıkış tespiti. Çeldiriciler aynı listenin komşu kodları (AN2 genişletme, AN5 devir, AN7 stok, AN9 elleçleme); AN6 özel antrepo karşılığı şıkta yok.";;
2022;68;GÜMRÜK;TEMEL;Antrepo;Gümrük Yönetmeliği md.329;K;K1;;hangisidir;kisa;0;E;resmi;;;;Tanım (izin hak sahibinin depolama yerinin antrepo addedilmesi) → E tipi özel antrepo. Çeldiriciler diğer antrepo tipleri.;;K1 mi D1 mi: tip tanımı verilip adı soruluyor → K1
2022;69;GÜMRÜK;TEMEL;Cezalar;4458 sayılı Gümrük Kanunu md.241/4-f;D;D1;F_SERI;uygulanır;cumle;0;B;resmi;;orta;;İzinsiz elleçleme (GK 102 kapsamı) 241/4-f'ye göre dört kat. Çeldiriciler 241'in diğer kat basamakları (2, 6, 8) ve 'eşyanın değiştirilmesi'ni çağrıştıran GK 236.;;D1 mi D6 mı: cevap usulsüzlük cezasının katı → D1
2022;70;GÜMRÜK;TEMEL;Cezalar;4458 sayılı Gümrük Kanunu md.236/5-b;D;D6;F_SERI;uygulanır;cumle;0;E;resmi;;orta;;Antrepo beyanında belirgin farklı cins ve izne tabi eşyada farklı çıkan eşyanın gümrüklenmiş değerinin iki katı (236/5-b). Çeldiriciler komşu fıkraların yaptırımları (236/5-a vergilerin iki katı, 236/2 vergiler kadar, 237/3 CIF kadar).;;
2022;71;GÜMRÜK;TEMEL;Bağlayıcı Bilgi (BTB/BMB);Gümrük Yönetmeliği md.28/3;O;O1;F_DAYANAK;belgelerden değildir;cumle;0;D;resmi;;orta;MINIMAL_CIFT;Başvuru öğeleri aynen. D'de önceki beyanname ve eklerinin 'fotokopisi' → 'orijinal nüshaları' yapılmış (tek nitelik).;;O1 mi O2 mi: şıklar uzun ama başvuru öğeleri listesi → O1
2022;72;GÜMRÜK;TEMEL;Antrepo;"Gümrük Yönetmeliği md.329, 346, 519; GK md.101; Gümrüksüz Satış Mağazaları Yönetmeliği";Ö;Ö2;F_TUMU;yanlıştır;kombinasyon;4;E;resmi;;;ETIKET+POLARITE;"Dört öncül de bozuk: C tipi özel antrepo genel antrepo tanımıyla verilmiş; F tipi genel antrepo özel gruba konmuş; mağaza izni Bakanlıktan bölge müdürlüğüne kaydırılmış; kalış süresi 'sınırsız' → 'sınırlı'. Cevap 'hepsi yanlış'.";;Ö2 mi Ö3 mü: öncüller tam hüküm cümleleri → Ö2
2022;73;GÜMRÜK;ALT;TIR;Gümrük Genel Tebliği (TIR İşlemleri) (Seri No:1) md.14;O;O1;F_DAYANAK F_SERI;düzenlenemez;kisa;0;E;resmi;;;YANLIS_ALTGRUP;Taşıt onay belgesi kamyon, kamyonet (panelvan dahil), tanker gibi özel amaçlı taşıt, brandalı taşıt ve römork/yarı römorka düzenlenir. Binek otomobil aynı taşıt ailesinin yük taşımayan alt grubu.;;
2022;74;GÜMRÜK;ALT;TIR;"Gümrük Genel Tebliği (TIR İşlemleri) (Seri No:1) md.4/3 ve 8; GK md.241/6";G;G1;F_DAYANAK F_MADDENO F_SERI;doğrudur;cumle;0;C;resmi;;orta;SURE_SAYI;"C md.4/3 aynen (güzergâh ihlali 241/6). A 120 → 144 saat, E 168 → 192 saat (md.8/1); B ATS'de 'en kısa süre' → 'süre verilmez'; D md.8/4'teki 'ilgili fıkralar' → 241/1.";;
2022;75;GÜMRÜK;TEMEL;Transit;Gümrük Yönetmeliği md.218;D;D2;F_DAYANAK F_SERI;yapılır;kisa;0;C;resmi;;;;GY 218: NATO SOFA kapsamı eşyanın transiti Form 302 ile yapılır. Çeldiriciler başka transit/geçici ithalat belgeleri (transit beyannamesi, ATA karnesi, ihracat refakat belgesi, fatura).;;
2022;76;GÜMRÜK;TEMEL;Transit;"4458 sayılı Gümrük Kanunu md.85/1; Gümrük Yönetmeliği md.222";D;D3;F_MUTLAK F_SERI;aranmamaktadır;kisa;0;D;resmi;;;MINIMAL_CIFT;Teminat aranmayan hâller: hava, boru hattı, deniz, basitleştirilmiş usulde demiryolu. E 'her durumda demiryolu' ile mutlaklaştırılmış çift. C memur refakati GY 222/3'teki istisnai uygulamayı çağrıştırır.;;O3 mü D3 mü: kök fiili olumsuz ama istenen teminat istisnaları listesinin tek öğesi → D3
2022;77;GÜMRÜK;TEMEL;Beyan;4458 sayılı Gümrük Kanunu md.63;G;G1;F_DAYANAK F_SERI;doğrudur;cumle;0;C;resmi;;orta;POLARITE;"C GK 63/c aynen. A ve B'de 'izin verilmez' hâlleri 'izin verilir' yapılmış; D 'bir veya daha fazla bilgi' → 'tüm bilgiler'; E idare izni kaldırılmış.";;
2022;78;GÜMRÜK;TEMEL;Beyan;Gümrük Yönetmeliği md.131;O;O1;F_SERI;kullanılmaz;kisa;0;E;resmi;;;KOMSU_LISTE;GY 131 listesinden dört belge (sözlü beyan formu, elçilik mektubu, CPD, numune/fuar beyan formu). CIM taşıma belgesi GK 84'te transit beyanı yerine geçen belgelerden, yani komşu liste.;;
2022;79;GÜMRÜK;TEMEL;Temsil;4458 sayılı Gümrük Kanunu md.5;O;O2;;yanlıştır;cumle;0;D;resmi;;en_uzun;MAKAM;Dört şık GK 5 aynen. D'de dolaylı temsilde 'kendi adına, başkası hesabına' formülünde kişiler yer değiştirmiş.;;
2022;80;GÜMRÜK;TEMEL;Muayene/Tahlil;4458 sayılı Gümrük Kanunu md.65-66;G;G1;F_MUTLAK;doğrudur;cumle;0;A;resmi;;orta;POLARITE+MUTLAK;"A GK 65/1-b aynen. B 'her zaman' → '15 gün sonra'; C sorumluluk tersine; D muayene edilen eşyada 'muayene sonuçları' yerine 'beyanname bilgileri'; E 'sadece antrepolarda'.";;
2022;81;GÜMRÜK;TEMEL;Dış Ticaret Belgeleri;Gümrük Yönetmeliği md.117;K;K1;;ne ad verilir;kisa;0;E;resmi;;;;GY 117 tanımı aynen → çeki listesi. Çeldiriciler diğer ticari belgeler (konşimento, fatura türleri).;;
2022;82;GÜMRÜK;TEMEL;Geçici Depolama/GOBİK;Gümrük Yönetmeliği md.417;B;B1;F_MATRIS;verilmiştir;bosluk;0;B;resmi;;;;GY 417 aynen: bir ay kalış, en çok üç aya kadar ek süre. Şıklar bir/iki/üç ay değerlerinin çaprazı.;;
2022;83;GÜMRÜK;TEMEL;Muafiyetler;"2009/15481 sayılı Karar md.46; Gümrük Muafiyeti Tebliği md.4 ve 6";O;O1;F_SERI;izin verilmemektedir;cumle;0;D;resmi;;en_kisa;TERS_ISLEV;A, B, C Karar md.46 ve Tebliğ md.4 kişileri. D 'vatandaşlığa geçme' bendinin tersi olan 'vatandaşlıktan çıkma'. E'deki 36 ay, md.6'daki 24 aylık geçici görev istisnasını aşacak biçimde seçilmiş.;"E de savunulabilir: Tebliğ md.4/b 'sürekli görevli' kamu görevlisini sayar; ancak md.6 yalnız 24 ayı aşmayan geçici görevi dışladığından resmî D tutarlı.";O1 mi O2 mi: şıklar uzun ama muafiyetten yararlanan kişiler listesi → O1
2022;84;GÜMRÜK;TEMEL;Muafiyetler;2009/15481 sayılı Karar md.61, 68, 57, 95;O;O2;F_DAYANAK F_SERI;yanlıştır;cumle;0;E;resmi;;orta;SURE_SAYI;B (430 Avro), C (md.68/3), D (md.57) Karar hükümleri. E'de otobüs standart depo sınırı 300 litre yerine aynı fıkranın TIR çekici değeri 550 litre yazılmış.;"A ('bedelsiz araç ithalinde muafiyet') kaynakta genel hüküm olarak yok; md.68/3 motorlu araç muafiyetini sınırlar. İkinci yanlış adayı ama E kesin bozuk.";
2022;85;GÜMRÜK;TEMEL;Muafiyetler;2009/15481 sayılı Karar tanımlar;O;O2;F_DAYANAK F_SERI;yanlıştır;cumle;0;D;resmi;;en_kisa;KAPSAM;Aile ünitesi, kişisel eşya, şahsi eşya ve yerleşim yerinin nakli tanımları. D'de kapsamı daha geniş şahsi eşya kişisel eşyayla eşitlenmiş (C şıkkıyla da çelişiyor).;;
2022;86;GÜMRÜK;TEMEL;Muafiyetler;2009/15481 sayılı Karar md.61;D;D1;F_MATRIS F_DAYANAK F_SERI;verilmiştir;sayi;0;B;resmi;;;;"Karar md.61: 15 yaş altı 150 Avro, üstü 430 Avro. Şıklar iki değerin çaprazı; 1500 Avro uydurma, 75 ve 300 komşu değerler.";;D1 mi B1 mi: boşluk yok, iki değer sırasıyla soruluyor → D1 (matris)
2022;87;GÜMRÜK;TEMEL;Gümrük Müşavirliği;4458 sayılı Gümrük Kanunu md.181/2 ve 192;Ö;Ö5;F_YALNIZ F_MUTLAK F_DAYANAK;yanlıştır;kombinasyon;5;B;resmi;;;;"Somut ödeme senaryoları. Müteselsil sorumlulukta borç bir kez ödenir; kim, hangi oranda öderse kapanır. I, III, IV, V doğru; yalnız II (ayrı ayrı ödeme) yanlış. 'Yalnızca' içeren III-IV doğru öncül.";;Ö2 mi Ö5 mi: öncüller aktörlü somut ödeme senaryoları → Ö5
2022;88;GÜMRÜK;TEMEL;Tahakkuk-Tebliğ-Ödeme;4458 sayılı Gümrük Kanunu md.198;D;D1;F_DAYANAK;ödenmesi gerekir;sayi;0;B;resmi;;;;GK 198: tebliğden itibaren on beş gün. Çeldiriciler 7/30/45/60 gün.;;
2022;89;GÜMRÜK;TEMEL;Geri Verme-Kaldırma;Gümrük Yönetmeliği md.502-503;O;O2;F_SERI;yanlıştır;cumle;0;C;resmi;;en_kisa;SURE_SAYI;A, B, D, E GY 502-503 aynen (Ek-78, tek karar, 30 gün). C'de GK 211 başvuru süresi üç yıl yerine bir yıl (GK 214'teki süre) yazılmış.;;
2022;90;GÜMRÜK;TEMEL;Geri Verme-Kaldırma;Gümrük Yönetmeliği md.500;D;D2;F_SERI;yetkili birimdir;kisa;0;A;resmi;;;;GY 500 limitlerine göre 250.000 TL gümrük müdürlüğü yetkisinde (limit milyonlarca TL). Çeldiriciler üst kademeler (bölge, GGM) ve yetkisiz İhracat/İthalat GM.;;D2 mi H8 mi: tutar yalnız limit karşılaştırması, işlem yok → D2
2022;91;GÜMRÜK;TEMEL;Geri Verme-Kaldırma;4458 sayılı Gümrük Kanunu md.214;D;D1;F_DAYANAK F_SERI;yapılmalıdır;sayi;0;D;resmi;;;;"GK 214: uluslararası anlaşmaya dayalı geri vermede tebliğden itibaren bir yıl. 3 yıl GK 211'den komşu süre; 15/30 gün ve 6 ay diğer çeldiriciler.";;
2022;92;GÜMRÜK;TEMEL;Teminat ve Faiz;Gümrük Yönetmeliği md.495;O;O1;F_DAYANAK;kabul edilmez;kisa;0;E;resmi;;;UYDURMA;GY 495 listesinden dört teminat türü (nakit TL, süresiz banka mektubu, DİBS, döviz). 'Kesin kefalet senedi' inandırıcı ama listede olmayan terim.;;
2022;93;GÜMRÜK;ALT;Yetkilendirilmiş Yükümlü;Gümrük İşlemlerinin Kolaylaştırılması Yönetmeliği (YYS başvuru şartları);D;D1;F_DAYANAK;gerekmektedir;sayi;0;C;resmi;;;;YYS başvurusu için en az 3 yıl fiilen faaliyette bulunma. Çeldiriciler ardışık yıl sayıları.;;
2022;94;GÜMRÜK;ALT;Onaylanmış Kişi;Onaylanmış Kişi Statüsüne İlişkin Gümrük Genel Tebliği (Sıra No:1);O;O1;F_DAYANAK F_SERI;faydalanamaz;kisa;0;C;resmi;;;KOMSU_LISTE;OKSB kolaylaştırmaları: eksik beyan, kısmi teminat, götürü teminat, mavi hat. Yeşil hat YYS'ye tanınan komşu kolaylaştırma.;;
2022;95;GÜMRÜK;ALT;Onaylanmış Kişi;Onaylanmış Kişi Statüsüne İlişkin Gümrük Genel Tebliği (Sıra No:1) md.43;G;G1;F_MUTLAK F_DAYANAK F_SERI;doğrudur;cumle;0;B;resmi;;en_kisa;ETIKET+ZAMAN_YER;"B md.43 aynen ('sadece ihracat'); mutlak ifade doğru cevapta. A ithalat-ihracat ikizi, D 'çıkış' → 'giriş'; C ayniyet tespiti gereken eşya ve E YYS sahipleri uydurma genişletme.";;
2022;96;GÜMRÜK;TEMEL;Muayene/Tahlil;Gümrük Yönetmeliği md.200;O;O2;F_DAYANAK;yanlıştır;cumle;0;C;resmi;;orta;POLARITE;"A, B, D GY 200 aynen; E ikinci tahlilin kesinliği. C'de 'doğrudan numune gönderemezler' tersine çevrilmiş.";;
2022;97;GÜMRÜK;ALT;Dahilde İşleme;Kaynakta yok (dahilde işleme rejiminin amaçları);O;O1;;olamaz;kisa;0;D;resmi;;;TERS_ISLEV;DİR'in amaçları (dünya fiyatından hammadde, ihracatı artırma, ürün ve pazar çeşitlendirme). Cevap 'ihracatçı' yerine 'ithalatçı'yı destekleyen ters işlev. Kaynak dosyada amaç listesi yok.;;
2022;98;GÜMRÜK;TEMEL;Gümrük Kıymeti;Gümrük Yönetmeliği md.43/1-d;O;O1;F_SERI;özelliklerden değildir;kisa;0;A;resmi;;;MINIMAL_CIFT;Benzer eşya: aynı işlev, ikame edilebilirlik, benzer özellik ve unsurlar. Parantezdeki 'ticari markanın bulunması' faktörü 'aynı markayı taşıma' şartına çevrilmiş (Q48'in aynası).;;
2022;99;GÜMRÜK;TEMEL;Gümrük Kıymeti;Gümrük Yönetmeliği md.55;O;O1;F_SERI;durumlardan değildir;kisa;0;E;resmi;;;KOMSU_LISTE;GY 55/1 ilişki hâllerinden dördü. Tek acente aynı maddenin 2. fıkrasından: tek başına ilişki sayılmaz.;;
2022;100;GÜMRÜK;TEMEL;Gümrük Müşavirliği;4458 sayılı Gümrük Kanunu md.226;O;O2;F_MUTLAK F_DAYANAK;yanlıştır;cumle;0;C;resmi;;en_kisa;POLARITE;Dört şık GK 226 aynen (A 'her türlü gümrük işlemi' mutlak ama doğru). C'de 'stajyerler iş takibi yapamaz' tersine çevrilmiş.;;
2023;1;GENEL KÜLTÜR;TÜRKÇE;Cümle anlamı - duygu (pişmanlık);;T;T1;;vardır;cumle;0;C;resmi;;orta;;"C'de '-meliydim' (gereklilik + geçmiş) ile pişmanlık; çeldiriciler bıkkınlık (A), çaresizlik (B), beklenti (D) ve nesnel anlatım (E).";;
2023;2;GENEL KÜLTÜR;TÜRKÇE;Deyim;;T;T1;;kullanılmıştır;cumle;0;C;resmi;;orta;;"C'de 'ağzını aramak' deyimi; diğer dört cümle deyimsiz düz anlatım ('alışkanlık kazandırmak' gibi öbekler deyim değil).";;
2023;3;GENEL KÜLTÜR;TÜRKÇE;Ses olayı - ünsüz yumuşaması;;T;T2;;gerçekleşmez;kisa;0;E;resmi;;;;"Kibrit + -i → kibriti, sert ünsüz korunur; diğer dördü yumuşar (kitabı, dördü, kemiği, sonucu). Kök olumsuz.";;
2023;4;GENEL KÜLTÜR;TÜRKÇE;Sesteş sözcük;;T;T1;;bulunmamaktadır;kisa;0;C;resmi;;;;"'Seç' yalnız seçmek fiili; yüz, yol (yolmak), kurum, çay sesteşli. Kök olumsuz.";;
2023;5;GENEL KÜLTÜR;TÜRKÇE;Gerçek - mecaz anlam;;T;T1;;bulunmaktadır;cumle;0;D;resmi;;en_kisa;;"D'de 'aklım karışıyor' mecaz; aynı fiil (karışmak/karıştırmak) beş şıkta da geçiyor, dördünde gerçek anlamda.";;
2023;6;GENEL KÜLTÜR;MATEMATİK;Problem - yaş;;M;M2;;kaç olacaktır;sayi;0;C;resmi;;;;"15 + 12 = 27, beş yıl sonra 27 + 10 = 37; şıklar 5'er arayla sıralı, 27 bugünkü toplam tuzağı.";;
2023;7;GENEL KÜLTÜR;MATEMATİK;Birim dönüşümü - uzunluk;;M;M3;;yanlıştır;sayi;0;E;resmi;;;;"22 km − 1500 m = 20.500 m = 2.050.000 cm; E'de 21.500 cm yazılmış. Diğer dört dönüşüm doğru; kök olumsuz.";;
2023;8;GENEL KÜLTÜR;MATEMATİK;Problem - bölme;;M;M2;;gönderilir;sayi;0;C;resmi;;;;"675 / 5 = 135; şıklar 5'er arayla sıralı, doğru değer ortada (C).";;M1 mi M2 mi: tek bölme işlemi ama sözel kurgu → M2
2023;9;GENEL KÜLTÜR;MATEMATİK;Saat hesabı;;M;M3;;başlamıştır;sayi;0;B;resmi;;;;"15:00 + 25 + 45 + 55 + 60 dk = 185 dk → 18:05; çeldiriciler 5 dk arayla.";;
2023;10;GENEL KÜLTÜR;MATEMATİK;Birim dönüşümü - ağırlık;;M;M3;;taşır;sayi;0;A;resmi;;;;"5 sefer × 7 gün × 2.550 kg = 89.250 kg = 89 ton 250 kg; çeldiriciler 1'er ton arayla.";;M2 mi M3 mü: sözel kurgu ama ölçülen beceri ton-kg dönüşümü → M3
2023;11;GENEL KÜLTÜR;TARİH;İnkılaplar - Cumhuriyetin ilanı;;D;D2;;yaşanmıştır;kisa;0;B;resmi;;;;"29 Ekim 1923 Cumhuriyetin ilanı; çeldiriciler aynı döneme ait başka olaylar (saltanatın kaldırılması, Lozan, alfabe).";;
2023;12;GENEL KÜLTÜR;TARİH;Atatürk'ün hayatı;;D;D2;F_MATRIS;doğru olarak verilmiştir;kisa;0;A;resmi;;;;"Selanik–1881; şıklar yer × yıl matrisi (Selanik/İzmir/Samsun/İstanbul × 1881/1903/1923).";;D1 mi D2 mi: cevap yer adı + yıl çifti, ad ağırlıklı → D2
2023;13;GENEL KÜLTÜR;TARİH;Atatürk ilkeleri;;O;O1;;biri değildir;kisa;0;D;resmi;;;UYDURMA;"Altı ilkeden dördü aynen; 'Tesanütçülük' (dayanışmacılık) '-çılık' ilke kalıbına uydurulmuş terim.";;
2023;14;GENEL KÜLTÜR;TARİH;Millî Mücadele - muharebeler;;D;D2;;hangisidir;kisa;0;B;resmi;;;;"Başkomutan Meydan Muharebesi (1922); çeldiriciler kronolojik olarak daha önceki muharebeler.";;D2 mi K1 mi: olay tanımından ad soruluyor ama hukuki kavram değil → D2
2023;15;GENEL KÜLTÜR;TARİH;Dış politika - Hatay;;D;D2;;hangisidir;kisa;0;C;resmi;;;;"Hatay 1939'da katıldı; çeldiriciler ilgisiz iller.";;
2023;16;GENEL KÜLTÜR;HUKUK;Anayasa - değiştirilemez hükümler;;O;O1;;biri değildir;kisa;0;E;resmi;;;UYDURMA;"AY md. 4 → md. 1-3 (şekil, nitelikler, dil, bayrak, başkent) dört şıkta; 'Cumhurbaşkanlığı konutunun yeri' başkent çağrışımıyla uydurulmuş.";;
2023;17;GENEL KÜLTÜR;HUKUK;Anayasa - seçim ilkeleri;;D;D6;F_MATRIS;esaslarındandır;kisa;0;D;resmi;;;;"AY md. 67: gizli oy, açık sayım; şıklar oy (açık/gizli) × sayım (açık/gizli/yarı açık) matrisi.";;D6 mı D3 mü: şıklar matris kombinasyonu, tek doğru usul → D6
2023;18;GENEL KÜLTÜR;HUKUK;Temel hukuk - normlar hiyerarşisi;;D;D2;;en üstte bulunmaktadır;kisa;0;A;resmi;;;;"Hiyerarşinin tepesinde Anayasa; çeldiriciler alt basamaklar (kanun, KHK, CBK, yönetmelik).";;D2 mi S2 mi: tam sıralama değil yalnız en üst basamak soruluyor → D2
2023;19;GENEL KÜLTÜR;HUKUK;Anayasa - Cumhurbaşkanlığı seçimi;;D;D1;;yapılır;sayi;0;C;resmi;;;;"AY md. 101: beş yılda bir; çeldiriciler ardışık sayılar, doğru değer ortada (C).";;
2023;20;GENEL KÜLTÜR;HUKUK;Anayasa - devletin nitelikleri;;O;O1;;yer almaz;kisa;0;E;resmi;;;TERS_ISLEV;"AY md. 2: demokratik, laik, sosyal hukuk devleti; 'Federal devlet' üniter yapının tersi.";;
2023;21;GÜMRÜK;TEMEL;Cezalar;4458 sayılı Gümrük Kanunu md. 241;K;K1;F_DAYANAK;kapsamına girmektedir;kisa;0;C;resmi;;;;"'Vergi kaybına neden olan işlemler' bölümü (md. 234 vd.) dışındaki GK para cezaları usulsüzlük cezasıdır (md. 241); çeldiriciler 5607/TCK yaptırımları (adli para, hapis, müsadere, el koyma).";;K1 mi V2 mi: 'yükümlü firma' kurgusu genel, sorulan ceza türünün adı → K1
2023;22;GÜMRÜK;KAÇAKÇILIK;Kaçakçılık;5607 sayılı Kaçakçılıkla Mücadele Kanunu md. 19;O;O1;F_DAYANAK;görevli değildir;kisa;0;D;resmi;;;YANLIS_ALTGRUP;"5607 md. 19 sayımı (mülki amirler, Emniyet, Jandarma, Sahil Güvenlik) dört şıkta; özel güvenlik çalışanları aynı güvenlik ailesinden yetkisiz birim.";;
2023;23;GÜMRÜK;TEMEL;Gümrük Müşavirliği;4458 sayılı Gümrük Kanunu md. 230;D;D1;F_DAYANAK;mecburdurlar;sayi;0;D;resmi;;;;"GK md. 230: belgeler beş yıl saklanır; çeldiriciler 1, 2, 3, 10 yıl.";;
2023;24;GÜMRÜK;TEMEL;Disiplin;4458 sayılı Gümrük Kanunu Geçici md. 6/7;D;D1;F_DAYANAK F_SERI;zamanaşımına uğrar;sayi;0;C;resmi;;;;"Geç. md. 6/7: aykırılığın tespitinden itibaren üç yıl (adli kovuşturmalı hâlde TCK zamanaşımı); 25 ile aynı disiplin maddesi.";;
2023;25;GÜMRÜK;TEMEL;Disiplin;4458 sayılı Gümrük Kanunu Geçici md. 6/3;D;D6;F_DAYANAK F_SERI;hangisidir;kisa;0;E;resmi;;;;"Geç. md. 6/3: kaçakçılıktan mahkûmiyeti kesinleşene meslekten çıkarma; çeldiriciler aynı maddenin hafif cezaları ve uydurma 'sözlü uyarı'.";;D6 mı D2 mi: cevap bir eylemin hukuki sonucu (ceza türü) → D6
2023;26;GÜMRÜK;TEMEL;Gümrük Müşavirliği;Gümrük Yönetmeliği md. 563/2;D;D1;F_DAYANAK;bildirirler;sayi;0;D;resmi;;;;"GY 563/2: değişiklikler bir hafta içinde derneğe bildirilir; çeldiriciler 1, 3, 5, 10 gün.";;
2023;27;GÜMRÜK;TEMEL;Disiplin;4458 sayılı Gümrük Kanunu Geçici md. 6/2;O;O1;F_DAYANAK F_SERI;biri değildir;kisa;0;C;resmi;;;KOMSU_LISTE;"Geç. md. 6/2 dört ceza (uyarma, kınama, geçici alıkoyma, meslekten çıkarma) aynen; izin belgesinin tedbiren geri alınması aynı maddenin 9. fıkrasındaki tedbir, ceza değil.";;
2023;28;GÜMRÜK;TEMEL;Disiplin;4458 sayılı Gümrük Kanunu Geçici md. 6/2-c;G;G1;F_MATRIS F_DAYANAK F_SERI;doğru olarak verilmiştir;cumle;0;C;resmi;;en_uzun;SURE_SAYI;"Geç. md. 6/2-c: altı aydan az, bir yıldan çok olamaz; beş şık aynı kalıpta, yalnız alt × üst sınır değerleri değişiyor.";;D1 mi G1 mi: değerler yüklemli kalıp cümle içinde ve kök 'doğru olarak verilmiştir' → G1
2023;29;GÜMRÜK;TEMEL;Cezalar;4458 sayılı Gümrük Kanunu md. 241/4-a;D;D1;F_DAYANAK F_MADDENO F_SERI;uygulanır;sayi;0;C;resmi;;;;"GK 241/4-a: geçerli temsil yetkisi olmadan iş takibi 241/1 tutarının dört katı; çeldiriciler 241/3'ün iki katı ve diğer katlar. 30 ile aynı '241/1'in kaç katı' kalıbı.";;
2023;30;GÜMRÜK;TEMEL;Cezalar;Gümrük Yönetmeliği Ek-82 / 4458 sayılı GK md. 241/1;D;D1;F_DAYANAK F_MADDENO F_SERI;doğru olarak verilmiştir;cumle;0;A;resmi;;en_kisa;;"Ek-82, 241/1 kapsamındaki fiilleri listeler: stajyer/GMY işe başlayış-ayrılış bildirimi gecikirse 241/1 tutarının kendisi; çeldiriciler 2, 4, 6, 8 kat.";;D1 mi G1 mi: şıklar yüklemsiz tutar öbeği, değişen tek unsur kat sayısı → D1
2023;31;GÜMRÜK;TEMEL;Temel Tanımlar;4458 sayılı Gümrük Kanunu md. 3/14;O;O1;F_DAYANAK;içermez;kisa;0;D;resmi;;;KOMSU_LISTE;"GK 3/14 GOİK öğelerinden dördü (rejim, serbest bölge, yeniden ihraç, terk) aynen; yabancı öğe GK 47'deki geçici depolama.";;
2023;32;GÜMRÜK;TEMEL;YGM;Gümrük Yönetmeliği md. 575/5;B;B1;F_MATRIS F_DAYANAK;doldurulmalıdır;bosluk;0;B;resmi;;;;"GY 575/5: iki genel antrepoyu geçmemek üzere toplam dört antrepo; iki boşluk sayı × sayı matrisi (bir/iki/üç × dört/beş/sekiz).";;
2023;33;GÜMRÜK;TEMEL;Cezalar;4458 sayılı Gümrük Kanunu md. 234/1-a;D;D1;F_DAYANAK F_MADDENO;uygulanır;sayi;0;B;resmi;;;;"GK 234/1-a: tarife unsurunda aykırılık ve fark %5'i aşarsa farkın üç katı; çeldiriciler 1, 5, 8, 10 kat.";;
2023;34;GÜMRÜK;TEMEL;Geçici İthalat;2009/15481 sayılı Karar md. 37 (GK md. 128);D;D2;;uygulanır;kisa;0;B;resmi;;;;"Karar md. 37: fuar/sergi eşyasına geçici ithalat izni; çeldiriciler diğer gümrük rejimlerinin adları.";;
2023;35;GÜMRÜK;TEMEL;Antrepo;Gümrük Yönetmeliği md. 335 (GK md. 102/3);D;D2;;hangisidir;kisa;0;D;resmi;;;;"Elleçleme izni denetleyici gümrük müdürlüğünce verilir (GK 102/3, GY 335); çeldiriciler Bakanlık genel müdürlükleri ve başka bakanlıklar.";;
2023;36;GÜMRÜK;TEMEL;Ticaret Politikası;Gümrük Yönetmeliği md. 4/n;O;O1;;değildir;kisa;0;B;resmi;;;KOMSU_LISTE;"GY 4/n: TPÖ = gözetim, korunma, miktar kısıtlaması (kota), ithalat/ihracat yasakları gibi tarife dışı önlemler; gümrük vergisi tarife önlemi (ithalat vergisi).";;
2023;37;GÜMRÜK;TEMEL;Geçici İthalat;4458 sayılı Gümrük Kanunu md. 133/1;D;D1;F_DAYANAK;hangisidir;cumle;0;B;resmi;;en_uzun;;"GK 133/1 cümlesi aynen, doğru oran %3; çeldiricilerde yalnız oran değişiyor (%1, %7, %9) ve 'vergi alınmaz'.";;D1 mi G1 mi: değer cümle içinde ama kök 'hangisi doğrudur' değil, tutar soruluyor → D1
2023;38;GÜMRÜK;TEMEL;Geçici Depolama/GOİK;4458 sayılı Gümrük Kanunu md. 47;K;K1;F_DAYANAK F_SERI;yer alır;kisa;0;B;resmi;;;;"GK 47 tanımı verilip statü adı soruluyor: geçici depolanan eşya; çeldiriciler uydurma/komşu statüler (geçici kabul, kesin istif, serbest dolaşım, muaf). 39 ile GOİK süresi/statüsü serisi.";;
2023;39;GÜMRÜK;TEMEL;Geçici Depolama/GOİK;4458 sayılı Gümrük Kanunu md. 46/2;B;B1;F_MATRIS F_DAYANAK F_SERI;doğru olarak verilmiştir;bosluk;0;E;resmi;;;;"GK 46/2: deniz yolu 45, diğer yollar 20 gün; boşluk değerleri matrisi (30/40/45 × 10/15/20).";;
2023;40;GÜMRÜK;TEMEL;Beyan;Gümrük Yönetmeliği md. 131;O;O1;;biri değildir;kisa;0;B;resmi;;;KOMSU_LISTE;"GY 131 listesinden dördü (TIR, ATA karnesi, kumanya listesi, elçilik mektubu); menşe şahadetnamesi GY 205'teki gerçek ama beyan yerine geçmeyen belge.";;
2023;41;GÜMRÜK;ALT;Menşe;Tercihli menşe mevzuatı (DİR Tebliği md. 3/y menşe ispat belgesi tanımı);D;D3;F_SERI;menşe ispat belgesidir;kisa;0;B;resmi;;;KOMSU_LISTE;"Tek menşe ispat belgesi EUR.1; çeldiriciler başka işlevli gerçek belgeler (INF 3 geri gelen eşya, konşimento taşıma, elçilik mektubu beyan, satış sözleşmesi). 42 ile dolaşım belgesi serisi.";;D3 mü D2 mi: belge adı değil kategori üyeliği soruluyor → D3
2023;42;GÜMRÜK;ALT;Menşe;1/95 sayılı OKK / İthalat Rejimi Kararı (A.TR);G;G1;F_SERI;doğrudur;cumle;0;A;resmi;;orta;KAPSAM;"AB'den sanayi ürünü A.TR ile gümrük vergisiz ithal edilir, KDV alınır; çeldiriciler muafiyeti KDV'ye genişletiyor (B, C) ya da tersine çeviriyor (D, E).";;
2023;43;GÜMRÜK;TEMEL;Cezalar;4458 sayılı Gümrük Kanunu md. 241/3-b;D;D1;F_DAYANAK F_MADDENO;katıdır;sayi;0;B;resmi;;;;"GK 241/3-b: vergi kaybı yoksa ilişkinin beyan edilmemesi 241/1'in iki katı; 'Ceza uygulanmaz' kökteki 'vergi kaybı doğurmamasına karşın' ifadesine yaslanan çeldirici.";;
2023;44;GÜMRÜK;TEMEL;Tahakkuk-Tebliğ-Ödeme;4458 sayılı Gümrük Kanunu (tahakkuk hükümleri);D;D2;F_DAYANAK;işlem yapılır;kisa;0;A;resmi;;;;"Tahakkuk GK hükümlerine göre; en güçlü çeldirici tahsil/takipte uygulanan AATUHK (61. sorunun cevabı), diğerleri ilgisiz kanunlar.";;
2023;45;GÜMRÜK;HESAP;Kaçakçılık;5607 sayılı Kaçakçılıkla Mücadele Kanunu md. 2/b;H;H8;;kaç TL'dir;sayi;0;D;resmi;;;;"5607 md. 2/b: gümrüklenmiş değer = CIF + gümrük vergileri = 55.000; çeldiriciler 50.000 (yalnız CIF), 45.000 (vergiyi çıkarma), 25.000, 66.000.";;H3 mü H8 mi: sorulan vergi toplamı değil, 5607'deki tanımlı değer (CIF + vergiler) → H8
2023;46;GÜMRÜK;TEMEL;Gümrük Kıymeti;4458 sayılı Gümrük Kanunu md. 23-26;O;O1;F_SERI;biri değildir;kisa;0;D;resmi;;;UYDURMA;"Kıymet yöntemlerinden dördü (satış bedeli, aynı eşya, indirgeme, son yöntem) aynen; 'aritmetik ortalama fiyat yöntemi' uydurma. 47 ile kıymet serisi.";;
2023;47;GÜMRÜK;TEMEL;Gümrük Kıymeti;Gümrük Yönetmeliği md. 54/2-b;G;G3;F_SERI;kapsamına girer;kisa;0;D;resmi;;;;"GY 54/2-b: 'veri veya komutlar' deyimi ses, sinematografik ve video kayıtlarını kapsamaz; üç çeldirici bu istisnadan, heykel ilgisiz, cevap genel kurala giren yazılım.";;G3 mü D3 mü: olumlu kök istisnanın tersini çağırıyor, çeldiriciler istisna listesinden → G3
2023;48;GÜMRÜK;TEMEL;Muafiyetler (yolcu beraberi);2009/15481 sayılı Karar (Ek-9 kişisel eşya listesi);O;O1;F_DAYANAK;muafen getiremez;kisa;0;B;resmi;;;MINIMAL_CIFT;"Ek-9 limitleri: 10 karton sigara 200 (+200) adet sınırını aşıyor; diğer dördü limit içinde (hediyelik eşya, 1 köpek, zati eşya, 1 kg çay).";;
2023;49;GÜMRÜK;TEMEL;Gümrük Vergileri;4458 sayılı Gümrük Kanunu md. 3/9 (ithalat vergileri) - kaynakta doğrudan hüküm yok;O;O1;;biri değildir;kisa;0;E;resmi;;;BASKA_HUKUK;"Gümrük idaresi ithalatta GV, KDV, ÖTV, İGV tahsil eder; motorlu taşıtlar vergisi başka vergi kanunundan, gümrükte tahsil edilmez.";;
2023;50;GÜMRÜK;TEMEL;Geçici Depolama/GOİK;4458 sayılı Gümrük Kanunu md. 48/2;D;D1;;ne kadardır;sayi;0;D;resmi;;;;"GK 48/2: yolcu eşyası ambarında üç ay; çeldiriciler 20 gün, 1 ay, 45 gün, 6 ay. Aynı hüküm 74-II'de bozuk öncül olarak dönüyor.";;
2023;51;GÜMRÜK;KAÇAKÇILIK;Kaçakçılık;5607 sayılı Kaçakçılıkla Mücadele Kanunu md. 1;D;D2;F_DAYANAK;hangisidir;kisa;0;E;resmi;;;;"5607 md. 1 amaç cümlesi aynen verilip kanun adı soruluyor; çeldiriciler 657, 3628, 4483 ve GK.";;D2 mi K1 mi: kavram tanımı değil kanunun amaç maddesi, cevap kanun adı → D2
2023;52;GÜMRÜK;ALT;İhracat (rejim kodları);Beyanname doldurma rehberi - rejim kodları (kaynakta liste yok);K;K1;;nedir;cumle;0;D;resmi;;en_kisa;;"Ters yönlü K1 (kod → açıklama): 1000 = daha önce bir rejime tabi tutulmamış eşyanın kesin ihracatı; çeldiriciler HİR/DİR/geçici ithalat bağlantılı geçici ihracat kodlarının açıklamaları.";;
2023;53;GÜMRÜK;TEMEL;Geri Gelen Eşya;4458 sayılı Gümrük Kanunu md. 168/1;D;D1;F_DAYANAK;muaf tutulur;sayi;0;B;resmi;;;;"GK 168/1: ihraçtan sonra üç yıl; çeldiriciler 1, 5, 6, 10.";;
2023;54;GÜMRÜK;TEMEL;Geçici İthalat;4458 sayılı Gümrük Kanunu md. 128;K;K1;F_DAYANAK;hangisidir;kisa;0;E;resmi;;;;"GK 128 geçici ithalat tanımı aynen verilip rejim adı soruluyor; çeldiriciler diğer rejimler (transit, GKAİ, serbest dolaşım, ihracat).";;
2023;55;GÜMRÜK;TEMEL;Dahilde İşleme;4458 sayılı Gümrük Kanunu md. 108/7;K;K1;F_SERI;tanımlamaktadır;cumle;0;C;resmi;;orta;;"Ters yönlü K1 (kavram → tanım): GK 108/7 eşdeğer eşya; çeldiriciler DİR'in komşu deyimleri (değişmemiş/ithal eşyası, yardımcı işletme maddesi, işlem görmüş ürün). 56 ile DİR serisi.";;
2023;56;GÜMRÜK;ALT;Dahilde İşleme;Dahilde İşleme Rejimi Tebliği (İhracat 2006/12) md. 15/3;D;D2;F_SERI;hangisidir;kisa;0;D;resmi;;;;"Dahilde işleme izni (izin belgesinden farklı olarak) gümrük idaresince verilir; izin belgesini veren İhracat GM şıklarda yok, yerine İthalat GM, Ticaret İl Md., Valilik, SB GM konmuş.";;
2023;57;GÜMRÜK;TEMEL;Mücbir Sebep;Gümrük Yönetmeliği md. 31/3;O;O1;F_DAYANAK;biri değildir;kisa;0;C;resmi;;;UYDURMA;"GY 31/3 kapalı listesinden dördü (doğal afet, ağır kaza/hastalık/tutukluluk, seferberlik, iflas); 'yurtdışı gezisi' uydurma ve iradeye bağlı hâl.";;
2023;58;GÜMRÜK;TEMEL;Serbest Bölge;4458 sayılı Gümrük Kanunu md. 157/1;O;O2;;yanlıştır;cumle;0;E;resmi;;en_kisa;POLARITE;"A-D GK 157/1 bentleri (DİR, GKAİ, geçici ithalat, serbest dolaşıma giriş) aynen; E'de eşyanın yurt dışına gönderilebilmesi olumsuza çevrilmiş.";;O1 mi O2 mi: şıklar liste öğesi ama yüklemli cümle ve cevap listede olmayan öğe değil, polaritesi ters çevrilmiş hüküm → O2
2023;59;GÜMRÜK;TEMEL;Geri Gelen Eşya;4458 sayılı Gümrük Kanunu md. 168/2-b;D;D2;F_DAYANAK;yetkilidir;kisa;0;B;resmi;;;;"GK 168/2-b son cümlesi: istisna hal ve şartlarını Cumhurbaşkanı belirler; çeldiriciler genel müdürler ve MB Başkanı (aynı set 72'de de kullanılmış).";;
2023;60;GÜMRÜK;TEMEL;Cezalar;4458 sayılı Gümrük Kanunu md. 239/1;D;D6;;uygulanır;cumle;0;B;resmi;;orta;;"GK 239/1: vergi/kısıtlamaya tabi olmayan eşyayı beyansız çıkarmaya teşebbüs FOB değerinin onda biri; çeldiriciler 5607 hapis-adli para, gümrüklenmiş değer katları ve vergi katı.";;D6 mı V2 mi: aktörsüz genel kural, tek hukuki sonuç → D6
2023;61;GÜMRÜK;TEMEL;Tahakkuk-Tebliğ-Ödeme;4458 sayılı Gümrük Kanunu md. 201;D;D2;F_DAYANAK;uygulanır;kisa;0;E;resmi;;;;"GK 201: süresinde ödenmeyen kesinleşmiş vergiler 6183 sayılı AATUHK ile takip edilir; çeldiriciler ilgisiz kanunlar.";;
2023;62;GÜMRÜK;TEMEL;Antrepo;4458 sayılı Gümrük Kanunu md. 70/2;D;D1;F_DAYANAK F_MADDENO;gerekir;sayi;0;C;resmi;;;;"GK 70/2: tescilden itibaren otuz gün; çeldiriciler 10, 20, 45, 60 (gümrük mevzuatındaki komşu süreler).";;
2023;63;GÜMRÜK;TEMEL;Temel Tanımlar;4458 sayılı Gümrük Kanunu md. 3/15;O;O1;;değildir;kisa;0;D;resmi;;;KOMSU_LISTE;"GK 3/15 kapalı rejim listesinden dördü aynen; nihai kullanım GK'da geçen gerçek kavram ama rejim değil.";;
2023;64;GÜMRÜK;TEMEL;Menşe;4458 sayılı Gümrük Kanunu md. 18/2;O;O1;F_DAYANAK;değerlendirilemez;kisa;0;C;resmi;;;MINIMAL_CIFT;"GK 18/2 bentlerinden dördü aynen; C aynı 'o ülkede … ürünler' kalıbında ama ithal girdi niteliğiyle tümüyle elde edilme dışında kalıyor.";;
2023;65;GÜMRÜK;TEMEL;Dahilde İşleme;4458 sayılı Gümrük Kanunu md. 108-109;O;O2;;yanlıştır;cumle;0;B;resmi;;en_kisa;ETIKET;"Dört şık DİR hükmü aynen; B'de geri ödeme sistemine ait 'vergiler tahsil edilir' kuralı şartlı muafiyet sistemine yazılmış (sistem adı değiştirilmiş).";;
2023;66;GÜMRÜK;TEMEL;Temel Tanımlar;4458 sayılı Gümrük Kanunu md. 3/2-a;K;K1;F_MATRIS F_DAYANAK F_SERI;ifade eder;cumle;0;D;resmi;;en_uzun;;"Ters yönlü K1: gümrük idaresi tanımı aynen D'de; çeldiriciler kısmen/tamamen × merkez/taşra boyutlarında daraltılmış. 67 ile aynı tanım serisi.";;K1 mi G1 mi: kök '… deyimi neyi ifade eder' (ters yönlü K1) → K1
2023;67;GÜMRÜK;TEMEL;Temel Tanımlar;4458 sayılı Gümrük Kanunu md. 3/2-a;O;O1;F_DAYANAK F_SERI;değerlendirilemez;kisa;0;D;resmi;;;YANLIS_ALTGRUP;"Tanıma göre gümrük idaresi gümrük teşkilatının merkez/taşra birimleri; saymanlık müdürlükleri gümrükte bulunan ama Hazine ve Maliye teşkilatına bağlı birim.";;
2023;68;GÜMRÜK;TEMEL;Gümrük Yükümlülüğü;4458 sayılı Gümrük Kanunu md. 208;Ö;Ö3;;arasındadır;kombinasyon;3;C;resmi;;;MINIMAL_CIFT;"GK 208: vergilerin ödenmesi (I) ve teslimden önce telef/kayıp (III) sona erdirir; II'de 'beyannamenin iptali' yerine 'düzeltilmesi' yazılmış minimal çift.";;Ö3 mü Ö1 mi: III uzun ama hâl başlığı (bent metni), I-II kısa öğe → Ö3
2023;69;GÜMRÜK;TEMEL;Geri Verme-Kaldırma;4458 sayılı Gümrük Kanunu md. 210;Ö;Ö2;F_YALNIZ F_DAYANAK;yanlıştır;kombinasyon;3;C;resmi;;;ETIKET;"I-II GK 210 tanımları aynen; III'te 'bu Kanun kapsamında tatbik edilen (idari) para cezaları' 'adli para cezaları'na çevrilmiş. Cevap Yalnız III.";;
2023;70;GÜMRÜK;TEMEL;Tahakkuk-Tebliğ-Ödeme;4458 sayılı Gümrük Kanunu md. 197/2;D;D1;F_DAYANAK F_MADDENO;yapılır;sayi;0;C;resmi;;;;"GK 197/2: yükümlülüğün doğduğu tarihten itibaren üç yıl; çeldiriciler altı ay–yedi yıl, doğru değer ortada.";;
2023;71;GÜMRÜK;TEMEL;Temel Tanımlar;4458 sayılı Gümrük Kanunu md. 3/7;K;K1;F_DAYANAK F_SERI;ifade eder;cumle;0;A;resmi;;en_uzun;;"Ters yönlü K1: GK 3/7 gümrük statüsü tanımı aynen A'da (en uzun şık); çeldiriciler ilgisiz kısa işlemler (ödeme, numune, taşıma, imha).";;
2023;72;GÜMRÜK;TEMEL;Yasaklama ve Kısıtlamalar;4458 sayılı Gümrük Kanunu md. 55/2;D;D2;F_SERI;yetkilidir;kisa;0;E;resmi;;;;"GK 55/2 gerekçe listesi aynen verilip yetkili makam soruluyor: Cumhurbaşkanı; çeldirici seti 59. soruyla aynı, cevap harfi farklı (B → E).";;
2023;73;GÜMRÜK;KAÇAKÇILIK;Kaçakçılık;5607 sayılı Kaçakçılıkla Mücadele Kanunu md. 3/3;D;D6;F_DAYANAK;hangisidir;cumle;0;D;resmi;;en_uzun;;"5607 md. 3/3: transit eşyayı gümrük bölgesinde bırakmak bir-üç yıl hapis ve beş bin güne kadar adli para; çeldiriciler GK idari para cezası kalıpları ve eksik adli yaptırım.";;
2023;74;GÜMRÜK;TEMEL;Süreler;4458 sayılı Gümrük Kanunu md. 101/1, 48/2, 46/2;Ö;Ö1;F_MUTLAK;doğrudur;kombinasyon;3;C;resmi;;;SURE_SAYI;"I GK 101/1 (istisna cümlesi atılmış 'sınırsızdır'), III GK 46/2 ('verildiği' yerine 'tescil' denmiş) doğru kabul; II'de yolcu ambarı süresi üç ay → 1 yıl. Konu karması öncüller.";;
2023;75;GÜMRÜK;TEMEL;Temel Tanımlar;4458 sayılı Gümrük Kanunu md. 3/11;K;K1;F_DAYANAK;ifade eder;kisa;0;D;resmi;;;;"GK 3/11 yükümlü tanımı; çeldiriciler aynı maddenin komşu deyimleri (beyan sahibi, kişi, doğrudan/dolaylı temsilci).";;
2023;76;GÜMRÜK;TEMEL;Geri Verme-Kaldırma;4458 sayılı Gümrük Kanunu md. 211-213;O;O2;;yanlıştır;cumle;0;D;resmi;;en_uzun;POLARITE;"Dört şık GK 211-213 aynen; D'de kasıtlı tahrifat/TPÖ kıymet artırımı hâlinde 'talepler kabul edilmez' hükmü 'geri verilebilir'e çevrilmiş.";;
2023;77;GÜMRÜK;TEMEL;İtiraz;4458 sayılı Gümrük Kanunu md. 197, 242 / Gümrük Uzlaşma Yönetmeliği;O;O2;F_DAYANAK;yanlıştır;cumle;0;E;resmi;;orta;SURE_SAYI;"A-D tebliğ, uzlaşma (15 gün) ve itiraz (15 gün) hükümleri aynen; E'de itirazın karara bağlanma süresi otuz gün → 60 gün. 78 ile itiraz serisi.";;
2023;78;GÜMRÜK;TEMEL;Muayene/Tahlil;4458 sayılı Gümrük Kanunu md. 243/1, Gümrük Yönetmeliği md. 588;D;D2;F_DAYANAK;karara bağlar;kisa;0;C;resmi;;;;"GK 243/1: tahlil sonuçlarına itiraz başmüdürlüğe (bugün Gümrük ve Dış Ticaret Bölge Müdürlüğü) yapılır; çeldiriciler laboratuvar, gümrük müdürlüğü, GGM, GMKİ.";;
2023;79;GÜMRÜK;TEMEL;Gümrük Kıymeti;4458 sayılı Gümrük Kanunu md. 27/1-b;O;O1;;dâhil edilmez;kisa;0;E;resmi;;;MINIMAL_CIFT;"GK 27/1-b alt bentlerinden dördü aynen; E'de (iv) bendindeki 'Türkiye dışında' 'Türkiye'de' yapılarak tek nitelik değiştirilmiş.";;O1 mi O3 mü: kökteki kavram (eklenecek unsurlar) olumlu, tek olumsuz → O1
2023;80;GÜMRÜK;TEMEL;Muayene/Tahlil;Gümrük Yönetmeliği md. 196/1;O;O1;F_DAYANAK F_SERI;hallerden değildir;kisa;0;C;resmi;;;MINIMAL_CIFT;"GY 196/1 dört bendi (27. fasıl dökme, Ek-23, GTİP tespit edilemezse, bileşim tablosu); anti-damping tabiiyeti (c) bendindeki TPÖ unsurunun koşulsuz hâli. 81 ile muayene-tahlil serisi.";;
2023;81;GÜMRÜK;TEMEL;Muayene/Tahlil;Gümrük Yönetmeliği md. 182 vd.;O;O2;F_SERI;yanlıştır;cumle;0;C;resmi;;orta;POLARITE;"GY 182: muayene şeklini sistem belirlemezse görevli memur belirler; C bunu 'muayene yapılamaz'a çevirmiş, diğer dört cümle aynen.";;
2023;82;GÜMRÜK;ALT;YGM;Yetkilendirilmiş Gümrük Müşavirliği Tebliği / Gümrük Yönetmeliği md. 575/3;O;O2;F_DAYANAK;yanlıştır;cumle;0;E;resmi;;orta;MAKAM;"AN2/AN4 ön inceleme, tespit raporu ve ücret hükümleri aynen; E'de antrepo giriş-çıkışını yapan YGM/GMY yerine stajyer yazılmış (GY 575/3 stajyere yasaklar).";;
2023;83;GÜMRÜK;TEMEL;Şartlı Muafiyet/EEGR;4458 sayılı Gümrük Kanunu md. 79/1-a;O;O1;;değildir;kisa;0;C;resmi;;;KOMSU_LISTE;"GK 79/1-a şartlı muafiyet düzenlemelerinden dördü (transit, antrepo, GKAİ, geçici ithalat); ihracat rejimi GK 3/15 rejim listesinden gerçek ama kapsam dışı öğe.";;
2023;84;GÜMRÜK;TEMEL;Beyan;4458 sayılı Gümrük Kanunu md. 3/16;O;O1;F_DAYANAK;değildir;kisa;0;D;resmi;;;KOMSU_LISTE;"GK 3/16: gümrük beyanı bir rejime tabi tutma talebidir; dört şık rejim, imha GOİK (3/14-d) olup rejim değil.";;
2023;85;GÜMRÜK;TEMEL;Antrepo;Gümrük Yönetmeliği md. 329;D;D3;;genel antrepodur;kisa;0;A;resmi;;;KOMSU_LISTE;"GY 329: genel antrepo A, B, F; çeldiriciler karşı listeden özel antrepo tipleri (C, D, E) ve gümrüksüz satış mağazası.";;
2023;86;GÜMRÜK;TEMEL;Bağlayıcı Bilgi (BTB/BMB);4458 sayılı Gümrük Kanunu md. 8/4;D;D1;F_DAYANAK F_SERI;geçerlidir;sayi;0;C;resmi;;;;"GK 8/4: BTB altı yıl; şıklar çift sayılar 2–10, doğru ortada. 87 ile aynı fıkranın ikiz sorusu.";;
2023;87;GÜMRÜK;TEMEL;Bağlayıcı Bilgi (BTB/BMB);4458 sayılı Gümrük Kanunu md. 8/4;D;D1;F_DAYANAK F_SERI;geçerlidir;sayi;0;B;resmi;;;;"GK 8/4: BMB üç yıl; 86'nın ikizi, şıklar tek sayılar 1–9.";;
2023;88;GÜMRÜK;TEMEL;Gümrük Yükümlülüğü;4458 sayılı Gümrük Kanunu md. 183/1;B;B1;F_DAYANAK;bitirilmelidir;bosluk;0;A;resmi;;;;"GK 183/1 cümlesi tek boşlukla tamamlatılıyor: yükümlülük doğar; çeldiriciler ters sonuç (kalkar, sona erer) ve uydurma sonuçlar.";;
2023;89;GÜMRÜK;TEMEL;Gümrük Müşavirliği;4458 sayılı Gümrük Kanunu md. 225/1;D;D2;;sonuçlandırılabilir;kisa;0;C;resmi;;;;"GK 225/1: dolaylı temsil yoluyla gümrük müşavirleri; çeldiriciler stajyer, GMY, YGM ve uydurma 'yeminli gümrük müşaviri'.";;
2023;90;GÜMRÜK;TEMEL;Beyan;4458 sayılı Gümrük Kanunu md. 59/1;Ö;Ö3;F_TUMU;doğru olarak verilmiştir;kombinasyon;4;E;resmi;;;;"GK 59/1 dört beyan yolu (yazılı, bilgisayar, sözlü, tasarruf) eksiksiz öncül; yabancı öğe yok, cevap tüm öncüller ('biri yanlış olmalı' önyargısı).";;
2023;91;GÜMRÜK;TEMEL;Temel Tanımlar;4458 sayılı Gümrük Kanunu md. 2;Ö;Ö3;F_TUMU F_DAYANAK F_SERI;dahildir;kombinasyon;4;E;resmi;;;;"GK md. 2: topraklar, kara suları, iç sular, hava sahası; dört öncül de doğru, cevap hepsi. 92 ile GK md. 1-2 serisi.";;
2023;92;GÜMRÜK;TEMEL;Temel Tanımlar;4458 sayılı Gümrük Kanunu md. 1;G;G1;F_DAYANAK F_MADDENO F_SERI;nedir;cumle;0;D;resmi;;orta;KAPSAM;"GK md. 1 amacı D'de aynen; çeldiricilerde Gümrük Birliği bölgesine taşıma, 'insanlar' ekleme, 'çıkan' ya da 'taşıt araçları'nı atma.";;G1 mi D6 mı: kök 'nedir' ama şıklar dört tahrifli bir doğru cümle → G1
2023;93;GÜMRÜK;TEMEL;Beyan;Gümrük Yönetmeliği md. 180/2;O;O1;F_DAYANAK;değildir;kisa;0;B;resmi;;;UYDURMA;"GY 180/2 kontrol hatları (kırmızı, sarı, mavi, yeşil) aynen; 'siyah hat' uydurma.";;
2023;94;GÜMRÜK;TEMEL;Gümrük Müşavirliği;4458 sayılı Gümrük Kanunu Geçici md. 6/1-c;D;D1;F_MATRIS F_DAYANAK;girilebilir;sayi;0;D;resmi;;;;"Geç. md. 6/1-c: iki sınava da en fazla üçer kez; şıklar GM × GMY hak sayısı matrisi.";;
2023;95;GÜMRÜK;TEMEL;Özet Beyan;4458 sayılı Gümrük Kanunu md. 35/A;G;G1;F_DAYANAK;doğrudur;cumle;0;A;resmi;;en_uzun;ETIKET;"GK 35/A: özet beyan TGB'ye getirilen eşya için verilir; çeldiriciler konşimento (kıymetli evrak, taşıma senedi) ve beyanname niteliklerini özet beyana yüklüyor, E antrepo için uydurma istisna.";;
2023;96;GÜMRÜK;TEMEL;Tarife;Gümrük Yönetmeliği md. 32/k;D;D3;F_DAYANAK;örnektir;kod;0;E;resmi;;;MINIMAL_CIFT;"GY 32/k: tarife pozisyonu fasılla birlikte dört rakam (01.02); çeldiriciler aynı sistemin başka düzeyleri (fasıl 55, 8, 10, 12 haneli kodlar).";;D3 mü G4 mü: kural uygulaması değil kavram üyeliği (hangi kod pozisyondur) → D3
2023;97;GÜMRÜK;TEMEL;Temel Tanımlar (ağırlık ve kaplar);4458 sayılı Gümrük Kanunu md. 32/1-a;K;K1;F_DAYANAK;karşılık gelir;kisa;0;A;resmi;;;;"GK 32/1-a brüt ağırlık tanımı aynen; çeldiriciler komşu kavramlar (net ağırlık b bendi, dara) ve uydurmalar (eşit, boş ağırlık).";;
2023;98;GÜMRÜK;TEMEL;Gümrük Kıymeti;Gümrük Yönetmeliği md. 55/1;O;O1;F_DAYANAK;sayılmamıştır;kisa;0;E;resmi;;;UYDURMA;"GY 55/1 'yalnızca' kapalı listesinden dördü aynen; 'aynı iş kolunda faaliyet' inandırıcı uydurma.";;
2023;99;GÜMRÜK;TEMEL;Dahilde İşleme;4458 sayılı Gümrük Kanunu md. 108/1;K;K1;F_DAYANAK;gerçekleştirilebilir;kisa;0;E;resmi;;;;"GK 108/1 şartlı muafiyetli DİR tanımı verilip rejim adı soruluyor; en yakın çeldirici GKAİ, diğerleri ilgisiz rejimler.";;
2023;100;GÜMRÜK;TEMEL;Dış Ticaret Belgeleri;Gümrük Yönetmeliği md. 118;D;D3;;taşıma belgesidir;kisa;0;B;resmi;;;KOMSU_LISTE;"GY 118: kara taşımasında konşimento yerine CMR yük senedi; çeldiriciler GY 116-117'deki ticari belgeler (fatura, çeki listesi), menşe ispat belgesi ve boşaltma listesi.";;D3 mü D2 mi: belge adı değil kategori üyeliği soruluyor → D3
2024;1;GENEL KÜLTÜR;TÜRKÇE;Yazım - birleşik fiiller;;T;T3;;yanlıştır;kisa;0;C;resmi;;;;"Ses olayına uğrayan birleşik fiiller bitişik (emir→emretmek, his→hissetmek, af→affetmek, darp→darbetmek); ses olayı olmayan 'arz etmek' ayrı yazılır, cevap bitişik yazılmış 'Arzetmek'.";;
2024;2;GENEL KÜLTÜR;TÜRKÇE;Sözcük anlamı - yan anlam;;T;T1;;vardır;cumle;0;A;resmi;;orta;;"'Dağın etekleri'nde etek yan anlamda; çeldiricilerdeki yol, hız, hava, yanak sözcükleri gerçek anlamda.";;
2024;3;GENEL KÜLTÜR;TÜRKÇE;Sözcük anlamı - zıt anlam;;T;T1;;zıt anlamlıdır;kisa;0;E;resmi;;;;"Dört çift eş anlamlı (örnek-misal, acemi-toy, sorumluluk-mesuliyet, alelade-sıradan); tek zıt anlamlı çift dâhil-hariç.";;
2024;4;GENEL KÜLTÜR;TÜRKÇE;Noktalama - soru işareti;;T;T3;;yanlıştır;cumle;0;E;resmi;;en_kisa;;E'de 'mı' eki soru değil zaman/koşul anlamı veriyor, soru işareti konmaz. Çeldiriciler virgül, ünlem, tırnak ve sıra sayısı noktasının doğru kullanımları.;;
2024;5;GENEL KÜLTÜR;TÜRKÇE;Dil bilgisi - topluluk adı;;T;T2;;kullanılmıştır;cumle;0;A;resmi;;orta;;"A'daki 'sürü' topluluk adı; diğer cümleler çoğul ekli ya da tekil kuş adlarıyla kurulmuş.";"E'deki 'gruplar' sözcüğü de topluluk adı (grup) sayılabilir; iki doğru şık ihtimali var.";
2024;6;GENEL KÜLTÜR;MATEMATİK;Problem - işçi-havuz;;M;M2;;doldurur;sayi;0;C;resmi;;;;"İş = 2 musluk × 8 saat; tek musluk 16 saatte doldurur. B'deki 4 (8'i ikiye bölme) ters orantı hatası çeldiricisi.";;
2024;7;GENEL KÜLTÜR;MATEMATİK;Problem - bölme/oran;;M;M2;;almıştır;sayi;0;B;resmi;;;;180 ml / (3 doz × 30 gün) = 2 ml. Şıklar 1–5 ardışık küçük değerler.;;
2024;8;GENEL KÜLTÜR;MATEMATİK;Geometri - çevre ve alan;;M;M3;;kaç metrekaredir;sayi;0;C;resmi;;;;Çevre 2(100+140)=480, kare kenarı 120, alan 14.400. A'daki 14.000 dikdörtgenin alanı (tuzak), diğer şıklar 200'er aralıklı komşu değerler.;;
2024;9;GENEL KÜLTÜR;MATEMATİK;Ölçü - kütle birim dönüşümü;;M;M3;;nedir;sayi;0;B;resmi;;;;1.300+750+1.000+250 = 3.300 g = 3 kg 300 g. Çeldiriciler yuvarlak kg ve yakın gram değerleri.;;M3 mü M1 mi: kg-g birim dönüşümlü toplama → M3
2024;10;GENEL KÜLTÜR;MATEMATİK;Sayı - birim kesir sıralama;;M;M1;;doğrudur;sayi;0;A;resmi;;;;"Paydası büyüyen birim kesir küçülür; yalnız A tutarlı. Çeldiricilerde eşitsizlik yönü ters ya da sıra karışık.";;
2024;11;GENEL KÜLTÜR;TARİH;Atatürk dönemi dış politika - Balkan Antantı;;D;D2;;hangisidir;kisa;0;C;resmi;;;;"1934 Türkiye-Yunanistan-Yugoslavya-Romanya antlaşması Balkan Antantı; çeldiriciler aynı dönemin diğer antlaşmaları (Ankara İtilafnamesi, Mudanya, Sadabat, Montrö).";;
2024;12;GENEL KÜLTÜR;TARİH;Birinci Dünya Savaşı - Osmanlı cepheleri;;O;O1;;değildir;kisa;0;D;resmi;;;TARAF_OLMAYAN;"Galiçya, Kafkasya, Makedonya, Çanakkale gerçek cepheler; İspanya savaşa katılmamış ülke.";;
2024;13;GENEL KÜLTÜR;TARİH;Millî Mücadele - muharebeler;;D;D2;;muharebedir;kisa;0;B;resmi;;;;"Zafer Başkomutanlık Meydan Muharebesi ile; Sakarya ve I. İnönü ara aşama, Trablusgarp ve Kırım Millî Mücadele dışı savaşlar.";;
2024;14;GENEL KÜLTÜR;TARİH;Atatürk ilkeleri - 1937 Anayasası;;O;O1;;değildir;kisa;0;E;resmi;;;UYDURMA;"Altı ilkeden dördü şıkta; 'Gerçekçilik' ilke değil, inandırıcı uydurma ad.";;
2024;15;GENEL KÜLTÜR;TARİH;İnkılaplar - kronoloji;;O;O1;;değildir;kisa;0;C;resmi;;;KOMSU_LISTE;"Halifeliğin kaldırılması, Medeni Kanun, Şapka Kanunu, Tevhid-i Tedrisat Cumhuriyet sonrası; saltanatın kaldırılması (1 Kasım 1922) ilandan önceki inkılap.";;
2024;16;GENEL KÜLTÜR;HUKUK;Anayasa - yasama yetkisi;;D;D2;;aittir;kisa;0;D;resmi;;;;"Yasama yetkisi TBMM'nindir; çeldiriciler yürütme ve yargı organları ile kaldırılmış Bakanlar Kurulu.";;
2024;17;GENEL KÜLTÜR;HUKUK;Anayasa - sosyal ve ekonomik haklar;;D;D3;;yer alır;kisa;0;A;resmi;;;KOMSU_LISTE;"Barınma (konut hakkı) sosyal ve ekonomik hak; yaşama ve özel hayatın gizliliği kişi hakkı, seçme-seçilme siyasi hak, adil yargılanma hak arama hürriyeti.";;
2024;18;GENEL KÜLTÜR;HUKUK;Anayasa - yasama dokunulmazlığı;;D;D2;;tanınır;kisa;0;C;resmi;;;;"Yasama dokunulmazlığı TBMM üyelerine tanınır; çeldiriciler diğer anayasal kurullar ve yüksek mahkemeler.";;
2024;19;GENEL KÜLTÜR;HUKUK;Anayasa - devletin şekli;;D;D2;;nedir;kisa;0;E;resmi;;;;"AY md. 1: Türkiye Devleti bir Cumhuriyettir; çeldiriciler diğer yönetim biçimleri (monarşi, oligarşi, teokrasi, jüristokrasi).";;
2024;20;GENEL KÜLTÜR;HUKUK;Anayasa - yargı mercileri;;O;O1;;değildir;kisa;0;E;resmi;;;KOMSU_LISTE;"Dört şık yüksek mahkeme; Kamu Denetçiliği Kurumu TBMM'ye bağlı idari denetim kurumu (Anayasa'nın başka bölümünden gerçek kurum).";;
2024;21;GÜMRÜK;TEMEL;Gümrük Kıymeti;4458 sayılı Gümrük Kanunu md. 25 (kıymet yöntemleri);D;D3;F_SERI;yöntemlerindendir;kisa;0;A;resmi;;;BASKA_HUKUK;"Dört şık transfer fiyatlandırması (vergi hukuku) yöntemi; tek gümrük kıymeti yöntemi hesaplanmış kıymet (GK 25/2-d).";;
2024;22;GÜMRÜK;TEMEL;Gümrük Kıymeti;Eski model eşya/taşıt kıymeti - amortisman indirimi (kaynak metinde yok);K;K1;F_SERI;hangisidir;kisa;0;A;resmi;;;;"Tanım verilip kavram (amortisman indirimi) soruluyor; çeldiriciler kıymet çağrışımlı genel ya da uydurma terimler (masraf indirimi, istisnai kıymet, gider mahsubu, gümrük kıymeti).";;
2024;23;GÜMRÜK;TEMEL;Gümrük Kıymeti;4458 sayılı Gümrük Kanunu md. 27/1-b;O;O1;F_DAYANAK F_SERI;dikkate alınmaz;kisa;0;E;resmi;;;KOMSU_LISTE;"A–D GK 27/1-b (i)–(iv) unsurları aynen; cevap 'alıcının pazarlama dahil kendi hesabına yaptığı faaliyetler' kıymete eklenmeyen ödemelere ilişkin başka hükümden.";;
2024;24;GÜMRÜK;TEMEL;Gümrük Kıymeti;4458 sayılı Gümrük Kanunu md. 27/1-e ve md. 28;G;G3;F_SERI;unsurlardandır;cumle;0;D;resmi;;orta;KOMSU_LISTE;"Kök GK 28'in 'ayırt edilebilmeleri koşuluyla' (dahil edilmeyen giderler) kalıbını kullanıp dahil edileni soruyor; dört çeldirici GK 28 (b)-(e) listesinden (montaj, faiz, çoğaltma hakkı, satın alma komisyonu), cevap 27/1-e giriş yerine kadar nakliye-sigorta. Kök ifadesi kusurlu ama cevap tek.";;D3 mü G3 mü: kök GK 28 istisna kalıbını çağırıyor, dört şık dahil edilmeyenler listesinden → G3
2024;25;GÜMRÜK;TEMEL;Gümrük Kıymeti;"4458 sayılı Gümrük Kanunu md. 30; Gümrük Yönetmeliği md. 57";D;D6;F_MATRIS F_SERI;çevrilir;kisa;0;B;resmi;;;;"Cevap TCMB döviz satış kuru (GK 30); çeldiriciler kurum (TCMB/serbest piyasa) × döviz/efektif × alış/satış kombinasyonları, efektif alış teminat dövizinde kullanılan komşu kur (GK 205).";;D2 mi D6 mı: 'hangi kur üzerinden çevrilir' usul sorusu, şıklar matris → D6
2024;26;GÜMRÜK;HESAP;Cezalar;4458 sayılı Gümrük Kanunu md. 241/3-b, 241/1-2 (2024 yeniden değerlenmiş tutar);H;H4;F_GUNCEL F_DAYANAK F_MADDENO;kaç TL'dir;sayi;0;B;resmi;;;;İlişkinin beyan edilmemesi 241/1 tutarının iki katı: 2 × 828 = 1.656 TL. Çeldiriciler 828'in 1, 4, 6, 8 katı (241/1, 241/4, 241/5, 241/6 kat merdiveni).;;
2024;27;GÜMRÜK;TEMEL;Gümrük Kıymeti;Gümrük Yönetmeliği md. 43/1-d (benzer eşya tanımı);O;O1;F_SERI;değildir;kisa;0;E;resmi;;;UYDURMA;"Tanımdaki unsurlar (benzer özellik, benzer unsur, kalite, tanındığı özellikler) aynen; 'fiyat' tanımda olmayan uydurma ölçüt.";;
2024;28;GÜMRÜK;TEMEL;Gümrük Kıymeti;Gümrük Yönetmeliği md. 55;O;O1;F_SERI;kabul edilmez;kisa;0;D;resmi;;;UYDURMA;"GY 55'teki kapalı listeden dört hâl (yasal ortak, işçi-işveren, kontrol, aynı aile) aynen; 'aynı sanayi kolunda faaliyet' listede olmayan inandırıcı uydurma hâl.";;
2024;29;GÜMRÜK;TEMEL;Menşe;Gümrük Yönetmeliği md. 40;Ö;Ö3;F_YALNIZ;zorunlu değildir;kombinasyon;4;A;resmi;;;UYDURMA;"GY 40'taki zorunlu bilgilerden gönderen, alıcı, cins-ağırlık öncülde aynen; 'eşyanın kıymeti' listede yok. Olumsuz kök + 'Yalnız II'; çeldiriciler II'ye gerçek öğe ekleyen kümeler ve hepsi.";;
2024;30;GÜMRÜK;TEMEL;Şartlı Muafiyet/EEGR;4458 sayılı Gümrük Kanunu md. 79/1-a;O;O1;;değildir;kisa;0;C;resmi;;;MINIMAL_CIFT;"GK 79 şartlı muafiyet düzenlemesi listesi (transit, antrepo, şartlı muafiyet sistemli DİR, GKAİR, geçici ithalat); cevapta DİR'in 'şartlı muafiyet sistemi' niteliği 'geri ödeme sistemi' yapılmış.";;
2024;31;GÜMRÜK;ALT;İthalat Rejim Kararı;İthalat Rejimi Kararı (3350) md. 9 ve ekli listeler;E;E1;;yanlıştır;eslesme;0;E;resmi;;en_uzun;ETIKET;"Dört liste-ad çifti doğru; VI sayılı liste sivil hava taşıtı ürünleri, nihai kullanımlı tarım ürünleri VII sayılı listede. Yanlış çiftin sağ tarafı komşu listenin gerçek adı.";;
2024;32;GÜMRÜK;TEMEL;Cezalar;4458 sayılı Gümrük Kanunu md. 241/3-m;G;G1;F_DAYANAK;doğru olarak verilmiştir;cumle;0;A;resmi;;orta;SURE_SAYI;"Beş şık yalnız kat sayısı değişen kalıp cümle; doğru iki kat (241/3-m). Çeldiriciler 241/4-6 kat merdiveni ve uydurma on kat.";;D1 mi G1 mi: değer kısa kalıp cümle içinde, kök 'hangisinde doğru olarak verilmiştir' → G1
2024;33;GÜMRÜK;TEMEL;Menşe;4458 sayılı Gümrük Kanunu md. 17/2;O;O1;F_DAYANAK F_SERI;değildir;cumle;0;E;resmi;;en_uzun;MINIMAL_CIFT;"A–D GK 17/2 bentleri aynen; cevapta 'herhangi bir ülkenin kara suları dışındaki denizlerden' ifadesi 'kara sularındaki' yapılmış (tek nitelik değişimi).";;
2024;34;GÜMRÜK;TEMEL;Menşe;Gümrük Yönetmeliği md. 34/2 (ve md. 33);O;O1;F_DAYANAK F_MADDENO F_SERI;değildir;cumle;0;E;resmi;;en_uzun;TERS_ISLEV;"A–D GY 34/2 (a)-(ç) yetersiz işlem bentleri aynen; cevap menşe kazandıran esaslı işçilik kuralı (GY 33, GK 19): ters işlevli öğe.";;
2024;35;GÜMRÜK;ALT;İthalat Rejim Kararı;İthalat Rejimi Kararı (3350) md. 10;O;O2;F_DAYANAK;yanlıştır;cumle;0;B;resmi;;orta;MAKAM;"Dört şık md. 10 fıkraları aynen; cevapta tahsil makamı 'gümrük idareleri' → 'vergi dairesi'.";;
2024;36;GÜMRÜK;ALT;İlave Gümrük Vergisi;İthalatta İlave Gümrük Vergisi Uygulanmasına İlişkin Karar (3351) (kaynak metinde yok);O;O2;F_DAYANAK;yanlıştır;cumle;0;B;resmi;;en_kisa;POLARITE;"Karar hükümleri; cevapta ithalatçının menşein doğru beyanından 'sorumludur' → 'sorumlu değildir'.";;
2024;37;GÜMRÜK;TEMEL;Ticaret Politikası;Gümrük Yönetmeliği md. 32/1-h;K;K1;;hangisidir;kisa;0;D;resmi;;;;"GY 32 kota tanımı aynen; çeldiriciler aynı tanımlar maddesinden komşu kavram tarife kontenjanı ve dış ticaret terimleri (damping, sübvansiyon, ithal lisansı).";;
2024;38;GÜMRÜK;TEMEL;Menşe;Gümrük Yönetmeliği md. 38;G;G1;F_MATRIS F_MUTLAK F_DAYANAK F_MADDENO;doğrudur;cumle;0;A;resmi;;orta;MAKAM+MUTLAK;Doğru: menşe ülke veya ihracatçı ülke yetkili makamları. Çeldiriciler ülke çiftinin diğer kombinasyonları ('ticaret yapılan ülke' eklenmiş) ve 'yalnız' ile daraltılmış iki şık.;;
2024;39;GÜMRÜK;TEMEL;Geçici İthalat;Gümrük Yönetmeliği (geçici ithalat rejim beyanı, md. 380 vd.);O;O1;;değildir;kisa;0;C;resmi;;;KOMSU_LISTE;"Beyanname, sözlü beyan, ATA karnesi, yabancı taşıtlar geçici giriş karnesi geçici ithalat beyan belgeleri; TIR karnesi transit belgesi (komşu rejimden gerçek belge).";;
2024;40;GÜMRÜK;TEMEL;Menşe;4458 sayılı Gümrük Kanunu md. 17-19 (menşe) ve serbest dolaşım statüsü (A.TR);V;V2;F_SERI;yanlıştır;cumle;0;B;resmi;;orta;ETIKET;"İşlem trafiği: Çin malı AB'de vergisi ödenip işlemsiz Türkiye'ye A.TR ile gelmiş; serbest dolaşım statüsü kazanılır, menşe değişmez. Cevap statüyü menşeyle karıştıran 'Almanya'da menşe kazanmıştır'.";;V2 mi O2 mi: tek olay (işlem trafiği) verilmiş, şıklar olayın sonuçları → V2
2024;41;GÜMRÜK;ALT;Menşe;Tercihli menşe mevzuatı - GTS (kaynak metinde yok);D;D2;F_SERI;belgesidir;kisa;0;C;resmi;;;;"GTS menşe ispat belgesi Form A; çeldiriciler başka tercihli rejimlerin dolaşım belgeleri (A.TR, EUR.1, EUR-MED) ve uydurma 'Malezya Menşe Belgesi'.";;
2024;42;GÜMRÜK;ALT;Menşe;İthalat Rejimi Kararı (3350) md. 9/3 (GTS);K;K1;F_SERI;aittir;kisa;0;C;resmi;;;;"Gelişmiş ülkelerin tek taraflı tercihli rejimi tanımı → GTS; çeldiriciler karşılıklı tercihli düzenlemeler (gümrük birliği, STA, TTA) ve menşe kümülasyonu.";;
2024;43;GÜMRÜK;TEMEL;Serbest Dolaşıma Giriş;4458 sayılı Gümrük Kanunu md. 74-76;O;O2;F_MUTLAK;yanlıştır;cumle;0;E;resmi;;orta;KAPSAM;"B ile E ikiz şık: B'deki 'beyan sahibinin talebi üzerine' şartı E'de 'talebi olsun olmasın' yapılarak kaldırılmış (kapsam genişletme); diğer şıklar GK 74-76 aynen.";;
2024;44;GÜMRÜK;TEMEL;Sınır Ticareti;4458 sayılı Gümrük Kanunu md. 172;B;B1;F_DAYANAK;gelmelidir;bosluk;0;C;resmi;;;;GK 172 cümlesi aynen, tek boşluk yetkili makam: Cumhurbaşkanı. Çeldiriciler ilgili bakanlıklar (makam kaydırma).;;B1 mi D2 mi: tek boşluklu cümle, kök 'boşluğa hangisi gelmelidir' → B1
2024;45;GÜMRÜK;TEMEL;Beyan;Gümrük Yönetmeliği md. 415/2;O;O1;F_DAYANAK;yürütülmez;kisa;0;D;resmi;;;KOMSU_LISTE;"GY 415/2 listesi (özel fatura, kumanya listesi, Form 302, sözlü beyan formu) aynen; A.TR beyan değil dolaşım belgesi, başka listeden gerçek belge.";;
2024;46;GÜMRÜK;TEMEL;Geçici Depolama/GOBİK;Gümrük Yönetmeliği md. 417/1;D;D1;F_DAYANAK;kalabilir;sayi;0;B;resmi;;;;GY 417/1: bir ay (ek süre en çok üç aya kadar). Çeldiriciler 20 ve 45 gün (geçici depolama süreleri), iki ay (417/3 beyanname kapatma), üç ay (ek süre üst sınırı).;;
2024;47;GÜMRÜK;TEMEL;Temel Tanımlar;"4458 sayılı Gümrük Kanunu (ihracat gümrük idaresi tanımı; md. 165/B)";K;K1;F_DAYANAK;hangisidir;kisa;0;C;resmi;;;;"Tanım ihracat gümrük idaresine ait; en güçlü çeldirici komşu tanım çıkış gümrük idaresi, diğerleri giriş, transit, ithalat gümrük idaresi.";;
2024;48;GÜMRÜK;TEMEL;Cezalar;4458 sayılı Gümrük Kanunu md. 241/3-j;D;D6;F_MATRIS F_DAYANAK F_MADDENO;uygulanır;cumle;0;B;resmi;;orta;;241/3-j: %10'u aşan miktar/cins farkı iki kat usulsüzlük cezası. Çeldiriciler 241/1 kat merdiveni (1 ve 4 kat) ile 235 idari para cezası kalıpları (onda bir, iki kat). Kökteki 5607 yalnız saklı tutma, dayanak gösterimi değil.;;D6 mı D1 mi: kök 'hangi yaptırım uygulanır', şıklar madde × kat matrisi cümle → D6
2024;49;GÜMRÜK;ALT;İhracat;Gümrük beyannamesi rejim kodları (kaynak metinde yok);K;K1;;yer almaktadır;cumle;0;D;resmi;;en_uzun;;"Kod verilip açıklaması soruluyor; C ile D minimal çift (muafiyete tabi olarak / olmadan), diğerleri başka 10xx kodlarının açıklamaları.";;K1 mi D1 mi: kod verilip tanımı soruluyor (ters yönlü) → K1
2024;50;GÜMRÜK;TEMEL;Dahilde İşleme;4458 sayılı Gümrük Kanunu md. 109;O;O2;F_MADDENO F_SERI;doğru bir ifade değildir;cumle;0;D;resmi;;orta;POLARITE;"GK 109/1-3 cümleleri aynen; 3. fıkradaki 'TGB dışında yerleşik kişilere de izin verilmesi mümkündür' → 'izin verilmez'.";;
2024;51;GÜMRÜK;TEMEL;Dahilde İşleme;4458 sayılı Gümrük Kanunu md. 108-111, 121;O;O2;F_DAYANAK F_SERI;yanlıştır;cumle;0;B;resmi;;en_uzun;ETIKET;"B'de GK 108/1 şartlı muafiyet sistemi tanımı 'geri ödeme sistemi' adıyla verilmiş; diğer şıklar GK 109, 111, 121 aynen.";;
2024;52;GÜMRÜK;TEMEL;Cezalar;4458 sayılı Gümrük Kanunu md. 235/2-a;D;D3;F_DAYANAK F_MADDENO;almıştır;cumle;0;C;resmi;;orta;KOMSU_LISTE;"235/2-a genel düzenleyici işlemle ihracı yasak eşyanın ihracı; çeldiriciler komşu ceza hükümlerinin fiilleri (239/1-2 izinsiz çıkarma, 235/2-b izne tabi eşya, 241 usulsüzlük).";;D3 mü V2 mi: hafif olay kalıbı, cevap 235/2-a kapsamındaki tek fiil → D3
2024;53;GÜMRÜK;ALT;Dahilde İşleme;Dahilde İşleme Rejimi Tebliği (İhracat: 2006/12) md. 25;Ö;Ö3;F_TUMU F_DAYANAK F_SERI;verilmiştir;kombinasyon;4;E;resmi;;;;"Dört öncül md. 25 (b), (c), (d), (ç) bentleri, yabancı öğe yok; cevap tümü. Kök 'tam olarak' dese de listede tabii afet ve grev-lokavt da var; en kapsayıcı küme E.";;Ö3 mü Ö1 mi: öncüller hâl başlıkları → Ö3
2024;54;GÜMRÜK;TEMEL;Dahilde İşleme;4458 sayılı Gümrük Kanunu md. 194;O;O2;F_DAYANAK F_MADDENO F_SERI;yanlıştır;cumle;0;B;resmi;;orta;ETIKET;"A, C, D, E GK 194 fıkraları aynen; cevapta TEV'in hesaplandığı 'ihracata ilişkin beyanname' → 'ithalata ilişkin beyanname' (ikiz kavram).";;
2024;55;GÜMRÜK;TEMEL;İhracat;Gümrük Yönetmeliği md. 416;Ö;Ö2;F_DAYANAK;kabul edilmez;kombinasyon;5;E;resmi;;;TASIMA;"III'te demiryoluna deniz/hava yolu kuralı ('taşıtın hareket ettiği') taşınmış (doğrusu kara sınırından fiilen çıkış); V'te hava taşıtına teslimde (c) bendinin 'teslim edildiği tarih' yerine (b) bendinin hareket kuralı konmuş.";;Ö2 mi Ö3 mü: öncüller tam kural cümleleri → Ö2
2024;56;GÜMRÜK;TEMEL;Transit;"4458 sayılı Gümrük Kanunu md. 85/2; Gümrük Genel Tebliği (Transit) (Seri No: 4) md. 4";D;D3;F_SERI;arasındadır;kisa;0;B;resmi;;;KOMSU_LISTE;"Transitte teminat bireysel ya da kapsamlı; götürü ve toplu teminat transit hariç kullanılan GY teminat türleri, global ve kısmi teminat uydurma.";;
2024;57;GÜMRÜK;TEMEL;Transit;Gümrük Yönetmeliği md. 242;D;D6;F_DAYANAK F_MADDENO F_SERI;hangisidir;cumle;0;A;resmi;;en_kisa;;GY 242: transitte serbest dolaşımdaki (ihraç) eşyada beyana aykırılıkta GK 241. Çeldiriciler serbest dolaşımda olmayan eşyaya ait 235/5-a,b (GY 243) ile 234, 238 hükümleri.;;D6 mı D2 mi: cevap uygulanacak ceza hükmü (sonuç) → D6
2024;58;GÜMRÜK;ALT;Transit;Gümrük Genel Tebliği (Transit) (Seri No: 4) md. 5/1-a (31.12.2023 değişikliği);D;D2;F_GUNCEL F_SERI;yetkilidir;kisa;0;C;resmi;;;;"Teminattan vazgeçme izni Gümrükler Genel Müdürlüğünce (31.12.2023 değişikliği); en güçlü çeldirici kapsamlı teminatta yetkili bölge müdürlükleri, diğerleri başka merkez/taşra birimleri.";;
2024;59;GÜMRÜK;TEMEL;Transit;4458 sayılı Gümrük Kanunu md. 84/3;O;O1;F_DAYANAK F_SERI;yapılmaz;cumle;0;C;resmi;;en_kisa;BASKA_HUKUK;"A, B, D, E GK 84/3 belgeleri (TIR karnesi, transit beyanı, ATA karnesi, CIM); CMR karayolu taşıma sözleşmesi belgesi, transit belgesi değil.";;
2024;60;GÜMRÜK;TEMEL;Transit;4458 sayılı Gümrük Kanunu md. 84/2, 85/1;Ö;Ö2;F_MUTLAK F_YALNIZ F_DAYANAK F_SERI;yanlıştır;kombinasyon;3;B;resmi;;;MUTLAK;"I (84/2-c) ve II (85/1) aynen; III'te 'yönetmelikle belirlenen haller dışında teminat aranmaz' → 'her halde teminat aranmaz'. Cevap Yalnız III.";;
2024;61;GÜMRÜK;ALT;TIR;Gümrük Genel Tebliği (TIR İşlemleri) (Seri No: 1) md. 8/1;D;D1;F_DAYANAK;kaç saattir;sayi;0;B;resmi;;;;"Nisan-Eylül azami 120 saat; en güçlü çeldirici Ekim-Mart süresi 168 saat, diğerleri 24'ün katları ve 172.";;
2024;62;GÜMRÜK;TEMEL;Muafiyetler;2009/15481 sayılı Karar md. 104;O;O2;F_DAYANAK;yanlıştır;cumle;0;E;resmi;;en_kisa;POLARITE;"A–D md. 104/2-3 aynen (üç yıl, 1600 cc/160 kW, gazi istisnası); E'de 104/5 'arazi taşıtları yararlandırılmaz' → 'muafiyet tanınır'.";;
2024;63;GÜMRÜK;TEMEL;Antrepo;"4458 sayılı Gümrük Kanunu md. 95; Gümrük Yönetmeliği md. 329, 518";Ö;Ö3;F_SERI;özel antrepodur;kombinasyon;3;E;resmi;;;UYDURMA;"II C tipi özel antrepo (GY 329), III gümrük kapılarında özel antrepo statüsündeki mağaza (GK 95); I yatırım izni şartıyla genel antrepoyu çağrıştıran kurgu öğe (özel antrepoda yatırım izni yalnız akaryakıtta aranır).";;
2024;64;GÜMRÜK;TEMEL;Antrepo;Gümrük Yönetmeliği md. 333/4;D;D1;F_SERI;gerekir;sayi;0;A;resmi;;;;"Özel antrepoda devirde 5 iş günü; çeldiriciler 10, 20, 60, 90 iş günü.";;
2024;65;GÜMRÜK;KAÇAKÇILIK;Kaçakçılık;5607 sayılı Kaçakçılıkla Mücadele Kanunu md. 3/1;D;D1;F_MATRIS F_DAYANAK F_MADDENO F_SERI;artırılır;sayi;0;C;resmi;;;;"Gümrük kapıları dışından sokmada ceza üçte birinden yarısına kadar artırılır; çeldiriciler alt sınır (üçte bir/yarı) × üst sınır (yarı/bir/iki/üç kat) kombinasyonları.";;
2024;66;GÜMRÜK;KAÇAKÇILIK;Kaçakçılık;5607 sayılı Kaçakçılıkla Mücadele Kanunu md. 3 (teşebbüs);D;D6;F_DAYANAK F_MADDENO F_SERI;nedir;cumle;0;B;resmi;;orta;;"Md. 3 fiilleri teşebbüste kalsa da tamamlanmış gibi cezalandırılır; çeldiriciler genel ceza hukukundaki teşebbüs indirimi ve gönüllü vazgeçme kalıpları ile uydurma artırım.";;D6 mı D1 mi: şıklar karışık sonuç (indirim / tamamlanmış gibi / ceza yok) → D6
2024;67;GÜMRÜK;KAÇAKÇILIK;Kaçakçılık;"5607 sayılı Kaçakçılıkla Mücadele Kanunu md. 3; Gümrük Kanunu md. 236/2";O;O1;F_DAYANAK F_SERI;oluşturmamaktadır;cumle;0;E;resmi;;en_uzun;KOMSU_LISTE;"A–D md. 3 kaçakçılık fiilleri; antrepo sayımında fazla eşya çıkması GK 236/2 kapsamında idari yaptırım (komşu mevzuattan gerçek hüküm).";;
2024;68;GÜMRÜK;TEMEL;Menşe;Gümrük Yönetmeliği md. 38;D;D2;F_DAYANAK F_MADDENO;hangisidir;kisa;0;A;resmi;;;;"Tercihli olmayan menşe belgesi menşe şahadetnamesi; çeldiriciler tercihli menşe ispat belgeleri (EUR.1, menşe beyanı, Form A, fatura beyanı).";;
2024;69;GÜMRÜK;TEMEL;Geçici İthalat;"2009/15481 sayılı Karar md. 43; Gümrük Yönetmeliği md. 385, 389";O;O2;F_SERI;yanlıştır;cumle;0;B;resmi;;en_kisa;POLARITE;"Karar md. 43: geçici ithalat eşyası kiralanamaz, ödünç verilemez; cevapta 'gümrük idaresinin izni dahilinde kiralanabilir'. Diğer şıklar GY 385, 389 ve GK hükümleri aynen.";;
2024;70;GÜMRÜK;TEMEL;Geçici İthalat;2009/15481 sayılı Karar md. 40/1-b;O;O1;F_SERI;konu olamaz;cumle;0;C;resmi;;orta;KOMSU_LISTE;"A, B, D, E Karar'daki geçici ithalat eşyası türleri; cevap md. 40'taki 'yararlandırılmayacak eşya' listesinden tüketilebilir eşya.";;
2024;71;GÜMRÜK;TEMEL;Geri Gelen Eşya;"Gümrük Yönetmeliği md. 453/1; Gümrük Kanunu md. 168, 241/3-ı";D;D6;F_MATRIS F_DAYANAK F_MADDENO;yapılır;cumle;0;A;resmi;;en_uzun;;"Üç yıllık süre aşımında 241/3-ı ceza + vergi tahsili + serbest dolaşıma giriş (GY 453/1). İkiz şık B, üç yıl aşılmadan ek süre aşımına ait 453/2 (vergi alınmaz); diğerleri ceza var/yok × vergi var/yok matrisi ve mutlak yasak.";;D6 mı V1 mi: somut tarih yok, genel kural soruluyor → D6
2024;72;GÜMRÜK;TEMEL;Geçici İthalat;4458 sayılı Gümrük Kanunu md. 128-133;O;O2;F_DAYANAK;yanlıştır;cumle;0;B;resmi;;en_uzun;SURE_SAYI;"Kısmi muafiyette her ay için vergilerin %3'ü alınır (GK 133); cevapta 'vergilerin tamamı geçici ithalat sırasında tahsil edilir'. Diğerleri GK 79, 128, 129 ve Karar md. 41 aynen.";;
2024;73;GÜMRÜK;TEMEL;GKAİR;4458 sayılı Gümrük Kanunu md. 123;K;K1;F_DAYANAK F_SERI;doğrudur;cumle;0;B;resmi;;orta;;"B GK 123 tanımı aynen; D şartlı muafiyet sistemli DİR, E geçici ithalat tanımı, C ticaret politikası önlemi ve teminat eklenmiş tahrifli GKAİR tanımı, A serbest dolaşımdaki eşya ile kurulmuş uydurma tanım.";;"K1 mi G1 mi: kök 'hangisi doğrudur' ama şıkların tamamı rejim tanımı; kavram → tanım (ters yönlü) → K1"
2024;74;GÜMRÜK;TEMEL;GKAİR;"4458 sayılı Gümrük Kanunu md. 124; GKAİR Tebliği (teminat)";O;O2;F_MUTLAK F_DAYANAK F_SERI;yanlıştır;cumle;0;E;resmi;;orta;POLARITE;"A–D GK 124 aynen (A'daki 'sadece' mevzuatın kendi ifadesi, mutlak = yanlış sezgisini kırıyor); E'de 'vergileri teminata bağlanır' → 'bağlanmaz'.";;
2024;75;GÜMRÜK;TEMEL;Onaylanmış Kişi;Gümrük Yönetmeliği md. 22/1;D;D1;F_DAYANAK;gerekmektedir;sayi;0;B;resmi;;;;"GY 22: en az iki yıl fiili faaliyet; 3 yıl YYS başvurusundaki faaliyet şartı (komşu statü), diğerleri ardışık sayılar.";;
2024;76;GÜMRÜK;ALT;Yetkilendirilmiş Yükümlü;Gümrük İşlemlerinin Kolaylaştırılması Yönetmeliği (sertifikanın geçerlilik süresi);D;D1;F_DAYANAK;ne kadardır;sayi;0;E;resmi;;;;"YYS sertifikası süresiz geçerli; çeldiriciler 1–5 yıllık süreler (süreli yetki belgelerini çağrıştıran değerler).";;
2024;77;GÜMRÜK;TEMEL;Teminat ve Faiz;Gümrük Yönetmeliği md. 493/4;O;O1;F_DAYANAK F_SERI;kullanılamaz;kisa;0;C;resmi;;;YANLIS_ALTGRUP;"GY 493/4: götürü teminat transit rejimi hariç tüm işlemler için; dört şık transit dışındaki şartlı muafiyet/ekonomik etkili rejimler, cevap istisna edilen transit.";;
2024;78;GÜMRÜK;TEMEL;Teminat ve Faiz;"4458 sayılı Gümrük Kanunu md. 203; Gümrük Yönetmeliği md. 493-494";O;O1;F_DAYANAK F_SERI;yer almaz;kisa;0;D;resmi;;;MINIMAL_CIFT;"Bireysel, götürü, toplu, kapsamlı teminat mevzuatta var; 'yaygın toplu teminat' gerçek 'yaygın götürü teminat'ın tek kelimesi değiştirilmiş hâli.";;
2024;79;GÜMRÜK;TEMEL;Tahakkuk-Tebliğ-Ödeme;4458 sayılı Gümrük Kanunu md. 197/2;G;G1;F_MATRIS F_DAYANAK F_SERI;doğru olarak verilmiştir;cumle;0;C;resmi;;orta;SURE_SAYI+ZAMAN_YER;"GK 197/2: yükümlülüğün doğduğu tarihten itibaren üç yıl; çeldiriciler başlangıç (doğuş/kesinleşme) × süre (1/3/5 yıl) kombinasyonları.";;D1 mi G1 mi: süre cümle içinde, kök 'hangisinde doğru olarak verilmiştir' → G1
2024;80;GÜMRÜK;TEMEL;Tahakkuk-Tebliğ-Ödeme;4458 sayılı Gümrük Kanunu md. 197/3;G;G1;F_DAYANAK F_SERI;doğrudur;cumle;0;B;resmi;;en_uzun;SURE_SAYI;"B GK 197/3 aynen. A'da 'tahakkukundan hemen sonra' → 'önce'; C uzlaşma başvurusu 15 → 20 gün; D itiraz 15 → 30 gün; E itirazın karara bağlanması 30 → 45 gün.";;
2024;81;GÜMRÜK;TEMEL;Tahakkuk-Tebliğ-Ödeme;4458 sayılı Gümrük Kanunu md. 198;G;G1;F_DAYANAK F_SERI;doğrudur;cumle;0;E;resmi;;en_uzun;SURE_SAYI;"E GK 198/1 aynen (süre bitmeden yazılı istem + teminatla 30 gün uzatma). A'da 15 → 30 gün; B 'bitiminden sonra' + 6 ay; C tecil faizi 'alınır' → 'alınmaz'; D kısmi ödemeye uydurma 3 ay.";;
2024;82;GÜMRÜK;TEMEL;Cezalar;"Gümrük Yönetmeliği md. 490/4; Gümrük Kanunu md. 197/2";D;D1;F_MATRIS F_DAYANAK;kaç yıldır;cumle;0;B;resmi;;en_uzun;;Vergiye bağlı para cezası vergi zamanaşımına tabi: yükümlülüğün doğduğu tarihten itibaren 3 yıl. Çeldiriciler başlangıç (doğuş/tebliğ) × 1/3/5 yıl matrisi.;;D1 mi G1 mi: kök 'kaç yıldır' (değer sorusu), şıklar başlangıç × yıl cümleleri → D1
2024;83;GÜMRÜK;TEMEL;Geri Verme-Kaldırma;4458 sayılı Gümrük Kanunu md. 214;D;D1;F_MATRIS F_DAYANAK F_SERI;yapılmalıdır;cumle;0;B;resmi;;en_uzun;;"GK 214: tebliğ tarihinden itibaren 1 yıl; çeldiriciler başlangıç (kesinleşme/tebliğ) × 1/3/5 yıl kombinasyonları.";;D1 mi G1 mi: kök 'ne kadar süre içinde' (değer sorusu) → D1
2024;84;GÜMRÜK;TEMEL;Geri Verme-Kaldırma;"Gümrük Kanunu md. 211-212; Gümrük Yönetmeliği (geri verme başvurusunun sonuçlandırılması)";O;O2;F_SERI;yanlıştır;cumle;0;E;resmi;;en_kisa;SURE_SAYI;"A–D GK 211-212 ve GY hükümleri aynen; E'de karara bağlama süresi otuz gün → kırk beş gün.";;
2024;85;GÜMRÜK;ALT;Gümrük Müşavirliği;Gümrük Genel Tebliği (Tahsilat İşlemleri) (Seri No: 2) md. 7-8 (iştirakte para cezası ayrı ayrı);Ö;Ö1;F_MUTLAK F_YALNIZ F_DAYANAK;doğrudur;kombinasyon;5;B;resmi;;;TASIMA;"Firma ve müşavire ayrı ayrı tebliğ edilen idari para cezası her birine ayrı uygulanır; cevap Yalnız III. I ve IV vergi alacağındaki müteselsil sorumluluk kuralının (biri öderse diğeri kurtulur) cezaya taşınmış hâli, II ve V uydurma.";;Ö1 mi Ö5 mi: tek olay, öncüller o olaya ilişkin sonuç cümleleri → Ö1
2024;86;GÜMRÜK;TEMEL;Özet Beyan;"Gümrük Yönetmeliği md. 67; Gümrük Kanunu md. 35/A";Ö;Ö1;;doğrudur;kombinasyon;4;C;resmi;;;SURE_SAYI+ZAMAN_YER;"II (demiryolu iki saat) ve III (kısa mesafeli uçuşta havalanma anı) GY 67 aynen; I'de giriş gümrük idaresi → 'çıkış', IV'te uzun mesafeli uçuşta dört saat → sekiz saat.";;
2024;87;GÜMRÜK;TEMEL;Disiplin;4458 sayılı Gümrük Kanunu Geçici Madde 6;D;D6;F_DAYANAK;uygulanır;kisa;0;D;resmi;;;;"Disiplin cezaları kesinleşme tarihinden itibaren uygulanır; çeldiriciler sürecin önceki aşamaları (fiil, öğrenme, ihbar) ve uydurma GGM tarihi.";;
2024;88;GÜMRÜK;ALT;YGM;Yetkilendirilmiş Gümrük Müşavirliği Tebliği (DR2 tespit raporu süresi);D;D1;F_DAYANAK;sunulur;sayi;0;D;resmi;;;;"DR2 tespit raporu tebligattan itibaren en geç bir ay içinde (MH1/TP1 için de bir ay); çeldiriciler 7, 10, 15 gün ve 3 ay.";;
2024;89;GÜMRÜK;TEMEL;Disiplin;4458 sayılı Gümrük Kanunu Geçici Madde 6;K;K1;F_DAYANAK F_SERI;hangisidir;kisa;0;B;resmi;;;;"Tanım aynen, kavram kınama; en güçlü çeldirici komşu tanım uyarma ('daha dikkatli davranması gerektiği'), diğerleri ağır cezalar ve uydurma 'iş takibinin engellenmesi'.";;
2024;90;GÜMRÜK;TEMEL;Disiplin;4458 sayılı Gümrük Kanunu Geçici Madde 6/8;D;D2;F_DAYANAK F_SERI;verilebilir;kisa;0;C;resmi;;;;"Meslekten çıkarmayı Yüksek Disiplin Kurulu verir; Merkez Disiplin Kurulu (alıkoyma) ve gümrük idaresi (uyarma/kınama) komşu yetkili makamlar.";;
2024;91;GÜMRÜK;ALT;YGM;Yetkilendirilmiş Gümrük Müşavirliği Tebliği (TP1, 11.01.2024 eklendi);D;D1;F_GUNCEL F_DAYANAK F_MADDENO;hangisidir;kod;0;A;resmi;;;;"İRK md. 4 önlemleri kapsam dışı tespiti TP1 (11.01.2024'te eklenen yeni kod); çeldiriciler aynı tebliğdeki diğer rapor kodları (MH1, DK1, AN9) ve BD1.";;D1 mi K1 mi: tanım verilip rapor kodu soruluyor, cevap kod → D1
2024;92;GÜMRÜK;TEMEL;Transit;4458 sayılı Gümrük Kanunu md. 84/4-a;V;V2;F_DAYANAK;sona erer;cumle;0;A;resmi;;orta;;"Transit, eşya ve belgeler varış idaresine (Sarp) sunulunca sona erer; çeldiriciler sürecin diğer aşamaları (varış bildirimi, kontrol sonucu girişi, TGB'nin terki) ve ibra kuralı (84/4-b karşılaştırma).";;D6 mı V2 mi: somut idareler (Erenköy → Sarp) verilmiş olay → V2
2024;93;GÜMRÜK;TEMEL;Temel Tanımlar;4458 sayılı Gümrük Kanunu md. 3/14;O;O1;F_DAYANAK;sayılmaz;kisa;0;E;resmi;;;MINIMAL_CIFT;"GOİK listesi (rejim, serbest bölgeye giriş, yeniden ihraç, imha) aynen; 'gümrüğe terk' yerine çağrışımlı 'teslim' konmuş.";;
2024;94;GÜMRÜK;TEMEL;Gümrük Müşavirliği;4458 sayılı Gümrük Kanunu md. 227/3, 228/3;D;D1;F_DAYANAK;verilir;sayi;0;D;resmi;;;;"Müracaat belgelerinin tamamlanmasından itibaren 60 gün içinde izin belgesi; çeldiriciler 10, 15, 30, 90 gün.";;
2024;95;GÜMRÜK;TEMEL;İtiraz;4458 sayılı Gümrük Kanunu md. 242;D;D1;F_DAYANAK;itiraz edebilir;sayi;0;A;resmi;;;;"GK 242: tebliğden itibaren 15 gün; çeldiriciler 19, 25, 30 gün ve itiraz sonuçlandırma/uzlaşma sürelerini çağrıştıran 45 gün.";;
2024;96;GÜMRÜK;TEMEL;Tasfiye;4458 sayılı Gümrük Kanunu md. 178;O;O1;F_DAYANAK;değildir;kisa;0;B;resmi;;;UYDURMA;"GK 178 yöntemleri (tahsis, yeniden ihraç amaçlı satış, perakende satış, imha) aynen; 'sergi ve fuarlarda kullanma' uydurma yöntem.";;
2024;97;GÜMRÜK;TEMEL;İhracat;Gümrük Yönetmeliği md. 417/3;G;G1;F_DAYANAK;doğrudur;cumle;0;E;resmi;;en_uzun;SURE_SAYI;E GY 417/3 aynen (iki ay + en çok iki ay uzatma). Çeldiriciler süre kaydırma (iki yıl, bir ay), 'sınırsız' ve 'iptal edilmez' (polarite).;;
2024;98;GÜMRÜK;TEMEL;Muafiyetler;2009/15481 sayılı Karar Ek-9 Yolcu Beraberi Kişisel Eşya Listesi (kaynak metinde yok);O;O2;F_DAYANAK;yanlıştır;cumle;0;B;resmi;;orta;SURE_SAYI;"Ek-9 miktar sınırları; cevapta puro sınırı 50 → 100 adet (envanter kaydı). Diğer şıklar parfüm-kolonya, şişirme bot ve alkol (%22 eşiği) sınırları.";;
2024;99;GÜMRÜK;TEMEL;Serbest Bölge;"4458 sayılı Gümrük Kanunu md. 152-154; Gümrük Yönetmeliği (serbest bölgeler, Gümrük Statü Belgesi)";O;O2;;yanlıştır;cumle;0;B;resmi;;orta;POLARITE;"Serbest dolaşımdaki eşyanın serbest bölgeden AB'ye ihracında Gümrük Statü Belgesine dayanılarak A.TR düzenlenir; cevapta 'düzenlenemez'. Diğerleri GK serbest bölge hükümleri aynen.";;
2024;100;GÜMRÜK;TEMEL;Geçici Depolama/GOBİK;Gümrük Yönetmeliği (geçici depolama yerleri);O;O2;;yanlıştır;cumle;0;A;resmi;;orta;ETIKET;Resmî anahtara göre bozuk şık A: eşya geçici depolama yerine özet beyan kapsamında konur, 'rejim beyanı' yazılmış. D doğru ifade: YGM tespit işlemleri yalnız antrepolar için tanımlı (envanterdeki 'D yanlış' notu YGM Tebliğiyle çelişiyor). A–C ve E kaynak metinde doğrudan doğrulanamadı.;;
2025;1;GENEL KÜLTÜR;TÜRKÇE;Cümle anlamı - anlam ilişkisi (koşul-sonuç);;T;T1;;vardır;kisa;0;C;turetilmis;yuksek;;;'Çalışırsan' koşul eki yargıyı koşula bağlıyor: Koşul–Sonuç. Çeldiriciler komşu anlam ilişkileri (neden–sonuç, amaç–sonuç) ile ilgisiz karşılaştırma ve tahmin.;;T1 mi T5 mi: tek cümle üzerinden → T1
2025;2;GENEL KÜLTÜR;TÜRKÇE;Anlatım bozukluğu - gereksiz sözcük;;T;T4;;vardır;cumle;0;A;turetilmis;yuksek;orta;;A'da 'birlikte' ile 'ortak olarak' aynı anlamı taşıyor (gereksiz sözcük). Diğer dört cümle kısa ve kurallı.;;
2025;3;GENEL KÜLTÜR;TÜRKÇE;Paragraf - yardımcı düşünce (neden);;T;T5;;değildir;kisa;0;D;turetilmis;yuksek;;TERS_ISLEV;Metin nedenleri sayıyor: yalnızlığı sevme, insanlardan ve karadaki tehlikelerden korunma, yavruları rahat bırakıp yiyecek arama. D metindeki 'yalnızlığı severmiş' bilgisinin tersi.;;"T5: parça üzerinden olumsuz kök; liste dışı öğe kurgusu O1'e benzer"
2025;4;GENEL KÜLTÜR;TÜRKÇE;Paragraf - parçanın cevap olduğu soru;;T;T5;;söylenmiştir;cumle;0;B;turetilmis;yuksek;en_kisa;;"İlk cümle atalarımızın okuma ile gezmeyi 'tercih meselesi' saymadan birlikte sürdürdüğünü söylüyor; parça 'Çok gezen mi bilir, çok okuyan mı?' sorusunun cevabı. Çeldiriciler parçadaki kavramlardan (seyahatin anlamı, seyahatname, eğitim) türetilmiş.";;
2025;5;GENEL KÜLTÜR;TÜRKÇE;Noktalama - tırnak, kesme, virgül;;T;T3;;örneklendirilmemiştir;cumle;0;E;turetilmis;yuksek;orta;KOMSU_LISTE;"Metinde eser adı ('Huzur') ve özel sözcük ('zaman') tırnakta, Tanpınar'ın/Tanpınar'a kesmeli, cümle sonları noktalı. İki virgül özneden sonra kullanılmış; sıralı cümle yok → E örneklenmemiş.";;
2025;6;GENEL KÜLTÜR;MATEMATİK;Problem - fiyat;;M;M2;;ödemelidir;sayi;0;B;turetilmis;yuksek;;;3 × 250 + 100 = 850. Çeldiriciler: 750 (100 eklenmemiş), 1300, 1500, 1700.;;
2025;7;GENEL KÜLTÜR;MATEMATİK;Saat hesabı - ders ve teneffüs;;M;M3;;gösterir;sayi;0;E;turetilmis;yuksek;;;8.40 + 4 × 50 dk + 3 × 10 dk = 12.30 (dördüncü dersten sonraki teneffüs sayılmaz). Çeldiriciler ders/teneffüs sayısını eksik sayan saatler.;;M2 mi M3 mü: saat-takvim → M3
2025;8;GENEL KÜLTÜR;MATEMATİK;Saat hesabı - süre ekleme;;M;M3;;çıkmışlardır;sayi;0;E;turetilmis;yuksek;;;13.30 + 2 sa 15 dk = 15.45. Çeldiriciler 15'er dakikalık komşu saatler.;;M2 mi M3 mü: saat-takvim → M3
2025;9;GENEL KÜLTÜR;MATEMATİK;Birim dönüşümü - paylaştırma;;M;M3;;düşer;sayi;0;D;turetilmis;yuksek;;;"3 × 500 ml = 1.500 ml; 1.500 / 12 = 125 ml. Kilit adım yarım litreyi mililitreye çevirmek.";;M2 mi M3 mü: paylaştırma problemi ama çözümün kilidi litre → ml dönüşümü → M3
2025;10;GENEL KÜLTÜR;MATEMATİK;Problem - birikim;;M;M2;;olur;sayi;0;D;turetilmis;yuksek;;;80 + 15 × 30 = 530. Çeldiriciler hafta sayısını kaydıran 20'şer liralık komşu değerler.;;
2025;11;GENEL KÜLTÜR;TARİH;Millî Mücadele - Mudanya Mütarekesi;;D;D2;;antlaşmasıdır;kisa;0;C;turetilmis;yuksek;;;Mudanya Mütarekesi (11 Ekim 1922) TBMM Hükümeti ile İtilaf Devletleri arasındaki ateşkes. Çeldiriciler Osmanlı'nın imzaladığı Mondros, barış antlaşmaları (Lozan, Versay) ve Fransa ile Ankara Antlaşması. Kökteki 'Millî Mücadele sonrasında' ifadesi 13. sorudaki dönemlemeyle çelişse de cevabı etkilemiyor.;;D2 mi K1 mi: olay tarifinden antlaşma adı soruluyor → D2
2025;12;GENEL KÜLTÜR;TARİH;Atatürk inkılapları - amaçlar;;O;O1;;değildir;kisa;0;A;turetilmis;yuksek;;TERS_ISLEV;"Dört şık inkılapların amaçları; A (padişahlığı geri getirmek) inkılapların tersi.";;
2025;13;GENEL KÜLTÜR;TARİH;Millî Mücadele - dönem olayları;;O;O1;;değildir;kisa;0;C;turetilmis;yuksek;;KOMSU_LISTE;"Dördü 1920–1922 Millî Mücadele olayı; hilafetin kaldırılması (3 Mart 1924) inkılaplar döneminden gerçek öğe.";;
2025;14;GENEL KÜLTÜR;TARİH;Atatürk'ün eserleri - Nutuk;;D;D2;;nedir;kisa;0;B;turetilmis;yuksek;;;Nutuk (1927). Çeldiriciler Atatürk'ün diğer eserleri ve Nutuk'un son bölümü olan Gençliğe Hitabe.;;
2025;15;GENEL KÜLTÜR;TARİH;Millî Mücadele - Samsun'a çıkış;;D;D1;;çıkmıştır;sayi;0;E;turetilmis;yuksek;;;19 Mayıs 1919. Çeldiriciler dönemin diğer önemli tarihleri (23 Nisan 1920, 30 Ağustos 1922, 29 Ekim 1923, 10 Kasım 1938).;;D1 mi D2 mi: cevap tarih (değer) → D1
2025;16;GENEL KÜLTÜR;HUKUK;Anayasa - seçme ve seçilme yaşı;;D;D1;;kaçtır;sayi;0;C;turetilmis;yuksek;;;Anayasa md. 67 ve 76 (2017 değişikliği): seçme ve milletvekili seçilme yaşı 18. Çeldiriciler komşu yaşlar.;;
2025;17;GENEL KÜLTÜR;HUKUK;Anayasa - yürütme;;D;D3;;yer alır;kisa;0;B;turetilmis;yuksek;;KOMSU_LISTE;Yürütme kanunları uygular. Çeldiriciler yasamanın (kanun ve Anayasa değişikliği), yargının ve seçmenin işlevleri.;;D3 mi O1 mi: olumlu kök, dördü listede değil → D3
2025;18;GENEL KÜLTÜR;HUKUK;Anayasa - temel hak ve özgürlükler;;D;D2;;güvence altına alınmıştır;kisa;0;B;turetilmis;yuksek;;;Temel hak ve özgürlüklerin güvencesi Anayasa. Çeldiriciler diğer temel kanunlar.;;
2025;19;GENEL KÜLTÜR;HUKUK;Anayasa - siyasi haklar;;D;D3;;tanınmıştır;kisa;0;C;turetilmis;yuksek;;KOMSU_LISTE;"Seçme ve seçilme siyasi hak olarak yalnız vatandaşlara tanınır; eğitim, dilekçe (yabancılara karşılıklılıkla), hak arama ve yaşama hakkı herkese tanınan haklardan. Kökteki 'sadece' sorunun kilidi ama şıkta değil (F_MUTLAK verilmedi).";;
2025;20;GENEL KÜLTÜR;HUKUK;Anayasa - yasama (kanun teklifi);;D;D2;;aittir;kisa;0;C;turetilmis;yuksek;;;Anayasa md. 88 (2017 sonrası): kanun teklif etmeye milletvekilleri yetkili. Kilit çeldirici Cumhurbaşkanı (eski sistemde Bakanlar Kurulu tasarı sunardı).;;
2025;21;GÜMRÜK;TEMEL;YGM;Gümrük Yönetmeliği (md. 575/7);D;D1;;gerekmektedir;sayi;0;D;turetilmis;yuksek;;;"GY 575/7: şirket ortağı YGM'lerin Bakanlıkça belirlenecek antrepo tespitleri için şirketteki hissesi en az %20 olmalı. Çeldiriciler 5'er artan oranlar; %10 YGM Tebliğindeki halka açık şirket ortaklık eşiği (komşu değer).";;F_SERI: 21–24 gümrük müşavirliği bölümü (GY 561–577, GK 227) bloğu
2025;22;GÜMRÜK;TEMEL;Temsil;"Gümrük Yönetmeliği (md. 561/4-ç; GK 225/2)";D;D2;F_DAYANAK F_MADDENO;takip edebilir;kisa;0;C;turetilmis;yuksek;;;GY 561/4-ç: taşıma işletmeleri ve nakliyeci kuruluş temsilcileri taşıdıkları eşyanın sadece transit işlemlerini doğrudan temsille takip eder. Çeldiriciler diğer gümrük rejimleri.;;D2 mi D3 mü: hüküm liste değil tek rejim sayıyor ('sadece transit') → D2
2025;23;GÜMRÜK;TEMEL;Gümrük Müşavirliği;Gümrük Yönetmeliği (md. 561/6-8);Ö;Ö2;F_MUTLAK F_DAYANAK F_MADDENO F_SERI;yanlıştır;kombinasyon;3;C;turetilmis;yuksek;;MUTLAK+POLARITE;"II GY 561/7 aynen (doğru). I'de 561/6'daki 'gümrük müşavir yardımcıları tarafından da verilebilir' → 'sadece gümrük müşaviri tarafından verilir'; III'te 561/8'deki 'bulunamaz, düzenleyemez' → 'bulunabilir, düzenleyebilirler'. Cevap I ve III.";;F_DAYANAK verilmedi: kökte yalnız genel 'Gümrük mevzuatına göre' ifadesi var
2025;24;GÜMRÜK;TEMEL;Gümrük Müşavirliği;4458 sayılı Gümrük Kanunu (md. 227/1);Ö;Ö4;F_TUMU F_DAYANAK F_SERI;sahip olması gerekir;kombinasyon;4;E;turetilmis;yuksek;;;"GK 227/1'in (a), (b), (c), (e) bentleri aynen; dördü de gümrük müşavir yardımcılığı koşulu → tümü. Çeldiriciler üçlü kombinasyonlar; 'hepsi olamaz' önyargısı hedefleniyor.";;Ö4 mü Ö3 mü: öncüller kanunda sayılan koşullar, kök 'hangilerine sahip olması gerekir' → Ö4
2025;25;GÜMRÜK;TEMEL;İhracat;Gümrük Yönetmeliği (md. 417/3);D;D2;F_DAYANAK;uzatılabilir;kisa;0;C;turetilmis;yuksek;;;"GY 417/3: geçici depolamaya konmaksızın ihraç edilen eşyada beyanname kapatma süresi iki ay; gümrük müdürlüklerince makul sebeplerle en çok iki ay uzatılır. Çeldiriciler üst makamlar (bölge müdürlüğü, GGM) ve dış ticaret kuruluşları (makam kaydırma).";;
2025;26;GÜMRÜK;TEMEL;Geri Verme-Kaldırma;4458 sayılı Gümrük Kanunu (md. 213);O;O2;F_DAYANAK;yanlıştır;cumle;0;E;turetilmis;yuksek;orta;SURE_SAYI;"A–D GK 213/2-3 aynen (B ve C aynı cümledeki transit/antrepo ikiz şıkları). E'de 213/4'teki bir yıllık başvuru süresi 3 yıl yapılmış; 3 yıl GK 211'deki genel başvuru süresi (komşu değer).";;
2025;27;GÜMRÜK;TEMEL;Tahakkuk-Tebliğ-Ödeme;4458 sayılı Gümrük Kanunu (md. 198/1);G;G1;F_DAYANAK;doğru olarak verilmiştir;cumle;0;B;turetilmis;yuksek;en_uzun;SURE_SAYI;"GK 198/1: kontrol sonucu noksan alındığı belirlenen vergiler tebliğden itibaren on beş gün içinde ödenir. Beş şık yalnız gün değeriyle farklı; 30 gün aynı fıkradaki uzatma süresi (komşu değer). 30. soruyla aynı bölüm (GK 197–198) ama bitişik değil.";;D1 mi G1 mi: değer kısa cümle içinde, kök 'doğru olarak verilmiştir' → G1 (özünde D1)
2025;28;GÜMRÜK;TEMEL;Tarife;Gümrük Yönetmeliği (md. 32/1-g);G;G4;F_DAYANAK;örnektir;kod;0;C;turetilmis;yuksek;;;GY 32/1-g: GTİP, TGTC'de on iki rakamdan oluşan pozisyon → 45.03.90.00.00.00. Çeldiriciler aynı sistemin kısa basamakları: 4'lü pozisyon (01.03), 6'lı alt pozisyon (04.01.20), 8 ve 10 haneli açılımlar.;;G4 mü K1/D3 mü: kavram verilip tanımı değil örneği seçiliyor ('örnektir') → G4
2025;29;GÜMRÜK;TEMEL;Teminat ve Faiz;Gümrük Yönetmeliği (md. 495/1);O;O1;F_DAYANAK;kabul edilmez;kisa;0;D;turetilmis;yuksek;;MINIMAL_CIFT;"A, B, C, E GY 495/1 (a), (b), (c), (f) bentleri aynen. Garanti mektubu (e) bendinde yalnız genel yönetim kamu idareleri, belediyeler, KİT'ler ve yabancı misyon şefleri için kabul edilir; D'de veren 'firmalar' yapılmış.";;
2025;30;GÜMRÜK;TEMEL;Tahakkuk-Tebliğ-Ödeme;4458 sayılı Gümrük Kanunu (md. 197/2);G;G1;F_DAYANAK;doğru olarak verilmiştir;cumle;0;A;turetilmis;yuksek;en_kisa;SURE_SAYI;"GK 197/2: hiç alınmadığı veya noksan alındığı belirlenen vergilerin tebligatı yükümlülüğün doğduğu tarihten itibaren üç yıl içinde yapılır. Şıklar yalnız süreyle farklı; on beş gün GK 198 ödeme süresi (komşu değer).";;D1 mi G1 mi: değer cümle içinde, kök 'doğru olarak verilmiştir' → G1
2025;31;GÜMRÜK;TEMEL;Cezalar;4458 sayılı Gümrük Kanunu (md. 241/3-a);G;G1;F_MUTLAK F_DAYANAK F_MADDENO F_SERI;doğrudur;cumle;0;B;turetilmis;yuksek;en_kisa;SURE_SAYI;GK 241/3-a: GK 6–7 uyarınca verilen kararlara dayanak belge ve bilginin yanlış verilmesinde usulsüzlük cezası 241/1 miktarının iki katı. Çeldiriciler 'yalnızca 241/1' (mutlak ifade) ve 4–6–8 kat.;;"D1 mi G1 mi: kat değeri kısa cümle içinde, kök 'hangisi doğrudur' → G1; G2 değil (şıklar hukuki güç değil kat)"
2025;32;GÜMRÜK;HESAP;Cezalar;4458 sayılı Gümrük Kanunu (md. 234/4, 241/1);H;H7;F_TUZAKVERI F_GUNCEL F_SERI;kaç TL'dir;sayi;0;D;turetilmis;yuksek;;;"MAPEG genel yönetim kapsamında (özel bütçeli) kamu idaresi: GK 234/4 gereği 234 cezaları uygulanmaz, 241/1 usulsüzlük cezası (2025: 1.191 TL) kesilir; 1.000 TL KDV farkı ve kendiliğinden bildirim hesaba girmez. Çeldiriciler 234 hesapları: 3.000 (üç kat), 300 (234/3 %10), 500 (yarısı), 0 (bildirimde cezasızlık sanısı). 1.191 TL kaynak metinde yok (dipnot); normal yükümlüde de 234/6 alt sınırı aynı tutara götürür.";;H4 mü H7 mi: ceza sorusu ama 234/4 hesap kuralını devre dışı bırakıyor, verilen tutar kullanılmıyor → H7
2025;33;GÜMRÜK;TEMEL;Gümrük Kıymeti;"4458 sayılı Gümrük Kanunu (md. 26/1; GATT 1994 md. VII)";D;D1;F_DAYANAK F_SERI;ilişkindir;sayi;0;E;turetilmis;yuksek;;;"GK 26/1 son yöntemde 1994 GATT'ın VII nci maddesine ve bu maddenin uygulanmasına ilişkin anlaşmaya atıf yapar. Çeldiriciler ardışık madde numaraları; VI (antidamping) çağrışımlı.";;D1 mi D2 mi: cevap madde numarası → D1. F_DAYANAK: kökte GATT 1994 adı açıkça geçiyor
2025;34;GÜMRÜK;HESAP;Gümrük Kıymeti;Gümrük kıymeti mevzuatı - kullanılmış taşıtta amortisman indirimi (kaynak metinlerde yok);H;H6;F_TUZAKVERI F_SERI;kaç TL'dir;sayi;0;D;turetilmis;dusuk;;;"Fatura bedelinden amortisman: fatura yılı 2023 esas, 2025'e kadar 2 yıl × %10 → 10.000 − 2.000 = 8.000. Çeldiriciler: 10.000 (indirimsiz), 6.000 (model yılı 2021 esas, 4 yıl), 7.000 (3 yıl), 2.000 (indirim tutarının kendisi). 2.000 şıkkının 8.000'in tümleyeni olması bu kurguyu destekliyor; 2024/22 resmî cevabı 'amortisman indirimi' kavramını doğruluyor.";"Kullanılmış taşıt kıymet kuralı kaynak metinlerde yok; oran ve başlangıç yılı yoruma açık. Model yılı esas alınırsa 6.000 (B).";H1 mi H6 mı: tek özel kural (kullanılmış taşıt) → H6
2025;35;GÜMRÜK;TEMEL;Gümrük Vergileri;4458 sayılı Gümrük Kanunu (md. 3/8-a, 3/9);O;O1;F_DAYANAK;girmez;kisa;0;E;turetilmis;yuksek;;BASKA_HUKUK;"GK 3/8-a ve 3/9: gümrük vergileri ithalat ve ihracat vergilerinin tümü; İGV, GV ile ithalatta alınan KDV ve ÖTV kapsamda. Kurumlar vergisi ithalatta alınmayan, başka vergi alanından bir vergi. (Envanterdeki 'gecikme zammı' notu 37. soruya ait.)";;
2025;36;GÜMRÜK;HESAP;Gümrük Kıymeti;"4458 sayılı Gümrük Kanunu (md. 27/1-e, 28/a); Gümrük Yönetmeliği (md. 51/6)";H;H6;F_TUZAKVERI;kaç TL'dir;sayi;0;B;turetilmis;orta;;;Giriş yerine kadarki nakliye mesafe oranına göre 500 TL, sigorta aynı oranla 100'ün yarısı 50 TL: 5.000 + 500 + 50 = 5.550. Çeldiriciler 2×2 matris: 5.500 (sigortasız), 5.600 (tam sigorta), 6.050 (tam nakliye), 6.100 (tamamı). Sınırdan sonraki 500 TL tuzak veri. Sigortanın orantılanması GY 51/6'daki nakliye kuralından çıkarım.;;H1 mi H6 mı: az kalemli, tek kural (giriş yerine kadar nakliye ve sigorta, mesafe oranı) → H6
2025;37;GÜMRÜK;TEMEL;Gümrük Vergileri;4458 sayılı Gümrük Kanunu (md. 3/26);O;O1;;dikkate alınamaz;kisa;0;E;turetilmis;yuksek;;KOMSU_LISTE;"GK 3/26: gümrüklenmiş değer = CIF kıymeti + gümrük vergileri; EMY, GV, KDV, ÖTV ithalat vergisi olarak dahil. Gecikme zammı (GK 207, 6183 sayılı Kanuna atıfla) vergi değil, komşu hükümden gerçek öğe.";;
2025;38;GÜMRÜK;ALT;Bağlayıcı Bilgi (BTB/BMB);Gümrük Genel Tebliği (Tarife) (Seri No: 14) (md. 7/2, 8, 10, 13/3, 19-20);O;O2;F_DAYANAK F_MADDENO;yanlıştır;cumle;0;A;turetilmis;yuksek;orta;ZAMAN_YER;B, C, D, E Tebliğin 7/2, 8, 10 ve 13/3 hükümleri aynen. A'da Tebliğ 20/1'deki 'değişikliklerin Resmî Gazete'de yayımlandığı tarihten itibaren' geçerlilik kaybı 'yasal süresinin dolmasını takiben' yapılmış.;;
2025;39;GÜMRÜK;ALT;Menşe;"Gümrük Genel Tebliği (Uluslararası Anlaşmalar) (Seri No: 10) (tebliğ metni kaynakta yok; GK 3/6-a, 18–19 ile doğrulandı)";Ö;Ö2;F_YALNIZ F_DAYANAK;yanlıştır;kombinasyon;3;C;turetilmis;orta;;POLARITE;"I ve II doğru: tümüyle Türkiye'de elde edilen eşya GK 3/6-a gereği serbest dolaşımda, GK 18 gereği Türk menşeli; işlem görerek menşe kazanan eşya serbest dolaşımda olmayabilir. III'te 'serbest dolaşıma girmek menşe kazandırmaz' ilkesi tersine çevrilmiş → Yalnız III.";;F_SERI: 40. soruyla serbest dolaşım statüsü bloğu
2025;40;GÜMRÜK;TEMEL;Serbest Dolaşıma Giriş;4458 sayılı Gümrük Kanunu (md. 78);Ö;Ö3;F_TUMU F_DAYANAK;kaybeder;kombinasyon;4;E;turetilmis;yuksek;;;"GK 78'in (a)–(d) bentleri aynen; dördü de statü kaybı hâli → tümü. Çeldiriciler ikili ve üçlü kombinasyonlar.";;Ö3 mü Ö1 mi: öncüller kanundaki hâl başlıkları → Ö3
2025;41;GÜMRÜK;ALT;Menşe;"Türkiye-AB tarım ürünleri tercihli ticareti menşe kuralları (1/98 OKK; hüküm kaynak metinlerde doğrudan yok)";D;D2;F_SERI;ibraz edilir;kisa;0;D;turetilmis;orta;;;"TR-AB tarım ürünleri tercihli ticaretinde menşe ispatı EUR.1 (ya da fatura beyanı). Kilit çeldirici A.TR (sanayi ve işlenmiş tarım ürünlerinde serbest dolaşım belgesi; 45. soru aynası); Form A GTS belgesi, menşe şahadetnamesi tercihsiz belge. 'Menşe beyanı' revize Pan-Avrupa-Akdeniz kurallarıyla tartışma açabilir.";;
2025;42;GÜMRÜK;ALT;Menşe;Gümrük Genel Tebliği (Gümrük İşlemleri) (Seri No: 149) (kaynak metinlerde yok);Ö;Ö3;F_DAYANAK F_SERI;yetkilendirilmiştir;kombinasyon;4;B;turetilmis;orta;;KOMSU_LISTE;"Menşe ispat ve dolaşım belgelerinin basım ve dağıtımına TOBB ile TİM yetkili → I ve IV. TESK TOBB'un esnaf karşılığı ikiz kuruluş; gümrük müşavirleri dernekleri gümrük mevzuatında başka görevle (takip kartı dağıtımı) geçen gerçek kuruluş.";;
2025;43;GÜMRÜK;TEMEL;Cezalar;"Gümrük Yönetmeliği (md. 181/11; GK 235/1-a)";D;D1;F_DAYANAK F_MADDENO;transit edilebilir;sayi;0;D;turetilmis;yuksek;;;GY 181/11: GK 235/1-a eşyası, yasağın yükümlüye bildiriminden itibaren otuz gün içinde mahrecine iade veya üçüncü ülkeye transit edilir. Çeldiriciler mevzuatta sık geçen 7/10/15/60 gün.;;
2025;44;GÜMRÜK;ALT;İthalat Rejim Kararı;2020/3350 sayılı İthalat Rejimi Kararı (md. 4/3);O;O1;F_DAYANAK F_MADDENO;değildir;kisa;0;B;turetilmis;yuksek;;KOMSU_LISTE;İRK 4/3 TPÖ mevzuatı: haksız rekabet (damping), korunma, kota ve tarife kontenjanı, gözetim, tekstil, ticari hakların korunması. İlave gümrük vergisi İRK ek listelerinde (md. 9) yer alan mali yük, TPÖ sayılmıyor.;;
2025;45;GÜMRÜK;ALT;Menşe;1/95 sayılı OKK - A.TR Dolaşım Belgesi mevzuatı;D;D2;F_SERI;hangisidir;kisa;0;E;turetilmis;yuksek;;;"Gümrük birliği kapsamında sanayi ve işlenmiş tarım ürünlerinde serbest dolaşımı gösteren belge A.TR (DİR Tebliğindeki tanımla teyitli). Çeldiriciler menşe ispat belgeleri (EUR.1, EUR-MED, menşe şahadetnamesi) ve tedarikçi beyanı; 41. sorunun aynası.";;F_SERI: 45–48 menşe bloğu
2025;46;GÜMRÜK;TEMEL;Menşe;Gümrük Yönetmeliği (md. 40/1);O;O1;F_DAYANAK F_SERI;değildir;kisa;0;C;turetilmis;yuksek;;KOMSU_LISTE;"GY 40/1: gönderen, alıcı, kaplar, cins-ağırlık, tasdik şerhi ve işlem açıklaması zorunlu; eşyanın kıymeti listede yok (GY 182 muayene kapsamındaki unsurlar listesinden gerçek öğe).";;
2025;47;GÜMRÜK;TEMEL;Menşe;4458 sayılı Gümrük Kanunu (md. 18/2, 19);Ö;Ö3;F_DAYANAK F_SERI;değerlendirilir;kombinasyon;4;E;turetilmis;yuksek;;KOMSU_LISTE;GK 18/2 (a)–(c): o ülkede çıkarılan madencilik ürünleri, toplanan bitkisel ürünler, doğan ve yetiştirilen hayvanlar tümüyle elde edilen eşya. II GK 19'daki 'üretimi birden fazla ülkede gerçekleştirilen eşya' (komşu madde) → I, III ve IV.;;
2025;48;GÜMRÜK;TEMEL;Menşe;Gümrük Yönetmeliği (md. 38/2);D;D1;F_DAYANAK F_MADDENO F_SERI;hangisidir;sayi;0;C;turetilmis;yuksek;;;GY 38/2: usulüne uygun menşe şahadetnamesinin sonradan ibrazı için tescilden itibaren altı ay (idare amirince en fazla otuz gün uzatma). Çeldiriciler komşu ay değerleri.;;
2025;49;GÜMRÜK;ALT;Nihai Kullanım;Gümrük Genel Tebliği (Nihai Kullanım) (Seri No: 1) (md. 8/2);B;B1;F_DAYANAK;yer almaktadır;bosluk;0;B;turetilmis;yuksek;;;Tebliğ 8/2: YYS/OKSB sahiplerine, ayniyat veya tahsis tespiti şartıyla tescilden itibaren üç ay içinde başvuruda nihai kullanım izni sonradan verilebilir. Tek boşluk, beş ay değeri.;;B1 mi D1 mi: boşluklu cümle (tek boşluk) → B1
2025;50;GÜMRÜK;ALT;İthalat Rejim Kararı;2020/3350 sayılı İthalat Rejimi Kararı ek listeleri;E;E2;F_YALNIZ F_DAYANAK;yanlıştır;kombinasyon;5;A;turetilmis;orta;;ETIKET;I Tarım Ürünleri, IV Balıkçılık ve Su Ürünleri, V GV Askıya Alınan Sanayi Ürünleri doğru. 2'de III sayılı listeye (İşlenmiş Tarım Ürünleri) II sayılı listenin adı 'Sanayi Ürünleri' yazılmış. 5 (VI sayılı liste) sınav tarihindeki eski başlıkla doğru sayılmış görünüyor → Yalnız 2.;"Kaynaktaki 2025/10790 sayılı Karar metninde VI sayılı listenin adı 'Nihai Kullanım Uygulaması Kapsamında İndirimli Gümrük Vergisinden Faydalanacak Sivil Hava Taşıtlarında Kullanılmaya Mahsus Ürünler'; buna göre 5 de yanlış olur ve '2 ve 5' şıkkı yok. Cevap, sınav tarihindeki büyük olasılıkla eski başlığa ('Gümrük Vergisi Askıya Alınan …') göre türetildi.";E2 mi Ö2 mi: numaralı tablo satırlarında eşleştirme + kombinasyon şıkkı → E2
2025;51;GÜMRÜK;TEMEL;Serbest Dolaşıma Giriş;4458 sayılı Gümrük Kanunu (md. 75);Ö;Ö4;F_TUMU F_DAYANAK;sağlanmış olması gerekir;kombinasyon;3;E;turetilmis;orta;;;"Üç öncül GK 75'in unsurları: I talep ('isteyebilir'), II indirimin ödeme/teminattan önce olması (75/1), III gecikmenin beyan sahibinden kaynaklanmaması (75/2'nin olumlu çevirisi) → hepsi. Güven orta: III, 75/2'deki istisnanın 'tespit edilmesi' biçiminde olumlu yazımı; III'ü koşul saymayan aday C'ye gider.";;Ö4 mü Ö1 mi: öncüller koşul, kök 'sağlanmış olması gerekir' → Ö4
2025;52;GÜMRÜK;TEMEL;Menşe;Gümrük Yönetmeliği (md. 34/2);O;O1;F_DAYANAK F_SERI;biri değildir;kisa;0;D;turetilmis;yuksek;;TERS_ISLEV;"Dört şık GY 34/2 yetersiz işlem listesinden (d basit montaj, ç marka/etiket, c ambalaj değişikliği ve basit ambalajlama). Cevap, menşe kazandıran gerçek üretim (iplikten kumaş): listenin ters işlevli öğesi; 53 aynı listeyi öncüllü sorar.";;
2025;53;GÜMRÜK;TEMEL;Menşe;Gümrük Yönetmeliği (md. 34/1-2);Ö;Ö3;F_YALNIZ F_DAYANAK F_SERI;yer almaz;kombinasyon;4;A;turetilmis;orta;;TERS_ISLEV;"I (34/2-a'nın kısaltılmışı), III (c) ve IV (d) yetersiz işlem; II tarife pozisyonu değişikliği menşe kazandıran ölçüt (34/1) → Yalnız II. Güven orta: I, 34/2-a'daki 'nakliyat ve depolama süresince koruyucu işlemler'in serbest kısaltması; I'i liste dışı okuyan aday B'ye gider.";;"Ö3: öncüller kısa işlem başlıkları; kök olumsuz ('yer almaz') ama öncül + kombinasyon şıkkı → Ö3"
2025;54;GÜMRÜK;TEMEL;Fikri-Sınai Haklar;4458 sayılı Gümrük Kanunu (md. 57);O;O2;F_DAYANAK F_MADDENO;yanlıştır;cumle;0;D;turetilmis;yuksek;orta;POLARITE;"A, B, C, E GK 57'nin 1-a, 1-b, 4 ve 2. fıkralarından aynen; cevapta 57/5'teki yolcu kişisel ve muafiyet sınırındaki hediyelik eşya için 'bu madde hükümleri uygulanmaz' → 'uygulanır'.";;
2025;55;GÜMRÜK;TEMEL;Serbest Dolaşıma Giriş;4458 sayılı Gümrük Kanunu (md. 74);K;K1;F_DAYANAK;serbest dolaşıma girmiş sayılır;cumle;0;D;turetilmis;yuksek;orta;;Doğru şık GK 74'teki serbest dolaşıma giriş unsurları (TPÖ uygulanması, diğer ithal işlemleri, vergilerin tahsili). Çeldiriciler komşu statülerin tanımları: TGB'yi terk eden ihraç eşyası (A), antrepo (B), transit (C), serbest bölge (E).;;K1 mi D3 mü: kavram verilip şıklarda komşu statü tanımları arasından tanımı seçtiriyor → K1 (ters yönlü)
2025;56;GÜMRÜK;ALT;Nihai Kullanım;Gümrük Genel Tebliği (Nihai Kullanım) (Seri No: 1) md. 6;O;O2;F_DAYANAK;yanlıştır;cumle;0;E;turetilmis;yuksek;orta;MAKAM;"A–D Tebliğ md. 6/1-2 cümleleri aynen; E'de hak ve yükümlülüklerin geçtiği kişi 'devralan' → 'devreden' (kişi kaydırma).";;
2025;57;GÜMRÜK;ALT;Bağlayıcı Bilgi (BTB/BMB);Gümrük Genel Tebliği (Tarife) (Seri No: 14) md. 4/2;Ö;Ö3;F_YALNIZ F_DAYANAK F_SERI;düzenleyemez;kombinasyon;3;B;turetilmis;yuksek;;YANLIS_ALTGRUP;Tebliğ 4/2: BTB'yi İstanbul, Ege, Orta Anadolu, Orta Akdeniz, Doğu Marmara ve Uludağ bölge müdürlükleri düzenler. Adı benzer üç 'Orta' öğeden yetkisiz Orta Karadeniz tek yabancı → Yalnız III.;;"Ö3: kısa öğe öncüller (bölge müdürlükleri); kök olumsuz"
2025;58;GÜMRÜK;TEMEL;Bağlayıcı Bilgi (BTB/BMB);"4458 sayılı Gümrük Kanunu (md. 9/4-5); Tarife Seri No: 14 md. 19";O;O3;F_SERI;yer almaz;cumle;0;D;turetilmis;yuksek;en_uzun;UYDURMA;"A, B, E GK 9/5 (a)–(c) hâlleri, C 9/4'teki altı yıllık geçerlilik süresi; cevap 'hak sahibinin yeni BTB başvurusu': mevzuatta olmayan inandırıcı hâl.";;"O3 mü O1 mi: kökteki kavram 'geçerliliğini kaybetme' (TIPOLOJI'deki 'geçerliliğini kaybetmez' örneği) ve olumsuzu soruluyor → O3; şıklar hâl başlığı"
2025;59;GÜMRÜK;ALT;Dahilde İşleme;Dahilde İşleme Rejimi Tebliği (İhracat: 2006/12) md. 14 ve Ek-7;O;O1;;değildir;kisa;0;D;turetilmis;orta;;KOMSU_LISTE;"A tamir (14/1-d), B kıymetli maden ve taş işçiliği (14/1-b), C montaj (14/1-ç), E ambalajlama (14/1-f) izin kapsamında. Makarna üretimi hububat ithali gerektirir; Ek-7 tarım ürünlerine izin kapsamında gümrük idaresince müsaade edilmez (14/4). Güven orta: Ek-7 listesi kaynakta yok, cevap eleme ve 14/4'ten türetildi.";;
2025;60;GÜMRÜK;TEMEL;Beyan;4458 sayılı Gümrük Kanunu (md. 58/2);B;B2;F_MATRIS F_DAYANAK F_MADDENO;gelmesi gerekmektedir;bosluk;0;C;turetilmis;yuksek;;;Üç boşluk GK 58/2 sırasıyla: TGB'den çıkıncaya – imha edilinceye – beyanname iptal edilinceye. Çeldiriciler aynı ifade havuzunun (tescil, taşıma aracına yükleme, muayene) permütasyonları.;;
2025;61;GÜMRÜK;TEMEL;İhracat;Gümrük Yönetmeliği (md. 155/1);B;B1;F_MATRIS F_DAYANAK;gelmelidir;bosluk;0;C;turetilmis;yuksek;;;GY 155/1: eksik beyanı tamamlama süresi tescilden itibaren bir ay, ek süre üç ay → bir/üç. Çeldiriciler bir/iki/üç ay değerlerinin kombinasyonları (envanterdeki 'ek süre bir ay' notu kaynakla çelişir).;;
2025;62;GÜMRÜK;TEMEL;Dahilde İşleme;"4458 sayılı Gümrük Kanunu (md. 108/1-2); DİR Tebliği (İhracat: 2006/12) md. 4";Ö;Ö3;F_SERI;uygulamalardandır;kombinasyon;3;E;turetilmis;yuksek;;KOMSU_LISTE;"DİR tedbirleri şartlı muafiyet ve geri ödeme sistemi (GK 108/1-2, Tebliğ md. 4); standart değişim sistemi hariçte işleme rejimine ait komşu kavram → I ve III.";;
2025;63;GÜMRÜK;TEMEL;Dahilde İşleme;4458 sayılı Gümrük Kanunu (md. 108);Ö;Ö1;F_DAYANAK F_SERI;doğrudur;kombinasyon;5;B;turetilmis;yuksek;;UYDURMA+TASIMA;"I, III, IV GK 108/4, 7, 8 tanımları aynen. II'de ikincil ürün 'asıl ürün dışındaki ürünler' yerine 'ekonomik değeri olmayan atıklar' (fire tanımından uydurma); V'te şartlı muafiyetin teminat iadesi geri ödeme sistemine taşınmış → I, III ve IV.";;
2025;64;GÜMRÜK;ALT;Dahilde İşleme;Dahilde İşleme Rejimi Tebliği (İhracat: 2006/12) md. 5;K;K1;F_SERI;ifade etmektedir;kisa;0;A;turetilmis;yuksek;;;Tanım Tebliğ md. 5/1'den aynen (vergiyi teminata bağlama + ihracat sonrası teminat iadesi) → şartlı muafiyet. Çeldiriciler komşu gerçek kavramlar: geri ödeme, standart değişim (HİR), kısmi/tam muafiyet (geçici ithalat).;;
2025;65;GÜMRÜK;TEMEL;Akaryakıt-Kumanya;4458 sayılı Gümrük Kanunu (md. 176);O;O2;F_DAYANAK;yanlıştır;cumle;0;D;turetilmis;yuksek;orta;POLARITE;"A ve C GK 176/1'in iki parçası, B ve E 176/2'nin iki alıcısı; cevapta ihracat hükmündeki teslimin konusu 'serbest dolaşımda bulunan' → 'bulunmayan' yakıt ve kumanya.";;
2025;66;GÜMRÜK;TEMEL;Dahilde İşleme;4458 sayılı Gümrük Kanunu (md. 110/2);Ö;Ö4;F_DAYANAK F_SERI;gerekli şartlardandır;kombinasyon;4;C;turetilmis;yuksek;;UYDURMA;"I–III GK 110/2 (a)–(c) şartları aynen; IV 'izin belgesi alınmış olması' izni verme şartı olarak döngüsel ve uydurma → I, II ve III.";;Ö4 mü Ö3 mü: öncüller koşul cümleleri, kök 'şartlardandır' → Ö4
2025;67;GÜMRÜK;TEMEL;Dahilde İşleme;"Gümrük Yönetmeliği (md. 354); 4458 sayılı GK md. 111/3";D;D6;F_SERI;ne zaman işlemeye başlar;cumle;0;A;turetilmis;yuksek;en_uzun;;GY 354 ve GK 111/3: süre, eşdeğer eşyadan elde edilen işlem görmüş ürünlerin ihracat beyannamesinin tescil tarihinden başlar. Çeldiriciler rejimin başka tarihleri: izin süresi sonu (ayın son günü), ithal eşyasının girişi, süre bitimini izleyen 1./2. ayın son günü.;;
2025;68;GÜMRÜK;ALT;İhracat;Gümrük beyannamesi rejim kodları (kaynak metinlerde yok);D;D1;;doğru olarak verilmiştir;kod;0;B;turetilmis;dusuk;;;"Rejim kodu 'istenen rejim 10 (kesin ihracat) + önceki rejim 23 (ihraç edildiği şekliyle geri gelmek üzere geçici ihracat)' yapısında 1023; çeldiriciler aynı 10xx ailesinden başka önceki rejim kodları (1021 HİR vb.). Güven düşük: rejim kodu listesi kaynakta yok, cevap kod yapısı bilgisinden türetildi.";;D1 mi K1 mi: tanım verilip çıplak kod soruluyor → D1
2025;69;GÜMRÜK;TEMEL;Geri Gelen Eşya;Gümrük Yönetmeliği (md. 452 ve 416/1-b);D;D6;F_DAYANAK F_MADDENO;dikkate alınır;kisa;0;D;turetilmis;yuksek;;;"GY 452: geri getirilme süresi fiili ihraç tarihinden başlar; GY 416/1-b: hava yoluyla çıkışta bu tarih taşıtın hareket ettiği tarih → uçağın hareketi. Çeldiriciler sürecin komşu anları (tescil, uçağa teslim, varış, alıcıya teslim).";;D6 mı V2 mi: aktör ve tarih yok, kısa olay çerçevesinde genel kural → D6
2025;70;GÜMRÜK;TEMEL;Beyan;Gümrük Yönetmeliği (md. 170/1-e, 172);D;D2;;beyan yapılır;kisa;0;A;turetilmis;yuksek;;;"GY 170/1-e: içinde ölü bulunan tabutun ihracında beyan sözlü yapılır; 172/5 istisnaları arasında olmadığından Sözlü Beyan Formu düzenlenir. Çeldiriciler başka işlevli gerçek belgeler (TIR karnesi, menşe şahadetnamesi, NATO Form 302, havayolu konşimentosu).";;D2 mi V2 mi: olay kısa çerçeve, cevap belge adı → D2
2025;71;GÜMRÜK;ALT;Dahilde İşleme;Dahilde İşleme Rejimi Tebliği (İhracat: 2006/12) md. 3/h, 5, 15, 38;Ö;Ö1;;doğrudur;kombinasyon;5;E;turetilmis;yuksek;;MAKAM+TASIMA;"II (belgeyi İhracat GM düzenler), III (şartlı muafiyette teminat), V (döviz kullanım oranı, md. 3/h) doğru. I'de izin taahhüdünün kapatıldığı gümrük idaresi yerine ihracatçı birlikleri (MAKAM); IV'te teminat geri ödeme sistemine taşınmış (orada vergi ödenir) → II, III ve V.";;
2025;72;GÜMRÜK;TEMEL;Transit;Gümrük Yönetmeliği (md. 213/3);B;B1;F_DAYANAK F_SERI;gelmelidir;sayi;0;C;turetilmis;yuksek;;;GY 213/3: NCTS'de beyan tarihinden itibaren otuz gün içinde hareket idaresine sunulmayan transit beyanı reddedilir. Tek boşluk, şıklar 15–60 sıralı gün merdiveni.;;B1 mi D1 mi: kök boşluklu cümle, tek boşluk → B1
2025;73;GÜMRÜK;TEMEL;Transit;Gümrük Yönetmeliği (md. 213/1);Ö;Ö3;F_DAYANAK F_SERI;kullanılabilmektedir;kombinasyon;4;C;turetilmis;yuksek;;KOMSU_LISTE;"GY 213/1: transit refakat belgesi (a), TIR karnesi (b), ATA karnesi (c) transit beyanıdır; fatura beyannameye eklenen ticari belge (GY 114) → I, II ve IV.";;
2025;74;GÜMRÜK;TEMEL;Transit;Gümrük Yönetmeliği (md. 212/2-j);K;K1;F_DAYANAK F_SERI;hangisidir;kisa;0;B;turetilmis;yuksek;;;Tanım GY 212/2-j'den aynen → varış gümrük idaresi. Çeldiriciler aynı maddedeki gerçek idare adları (hareket, transit, teminat) ve uydurma 'olay kaydı gümrük idaresi'.;;
2025;75;GÜMRÜK;TEMEL;Transit;4458 sayılı Gümrük Kanunu (md. 89/4-a);D;D6;F_SERI;ne zaman sona erer;cumle;0;E;turetilmis;yuksek;en_uzun;;"GK 89/4-a: eşya ve belgeler varış idaresine usulüne uygun sunulduğunda rejim sona erer → Doğubayazıt. A aynı kalıbın hareket idaresi (Ankara) ikizi; B–C NCTS aşamaları, D ihracat çağrışımı.";;D6 mı V2 mi: somut idareler verilmiş ama aktör/tarih yok, genel kural uygulanıyor → D6
2025;76;GÜMRÜK;TEMEL;Posta/Hızlı Kargo;2009/15481 sayılı Karar (md. 63/3);Ö;Ö1;F_GUNCEL F_DAYANAK;doğrudur;kombinasyon;3;C;turetilmis;yuksek;;POLARITE;"I ve II Karar 63/3'ün ilk iki cümlesi aynen; III'te 2024 değişikliğiyle (30 Avro sınırıyla birlikte) gelen 'nakliye giderleri kıymete ilave edilir' kuralı 'edilmez'e çevrilmiş → I ve II (envanterdeki 'nakliye eklenmez' notu kaynakla çelişir).";;
2025;77;GÜMRÜK;TEMEL;Muafiyetler;2009/15481 sayılı Karar (md. 47/5);D;D1;F_DAYANAK;geçmiş olması gerekir;sayi;0;D;turetilmis;yuksek;;;Karar 47/5: serbest dolaşıma girişten itibaren beş yıl geçmedikçe yeniden muaf araç talebi kabul edilmez. Çeldiriciler yıl merdiveni (1, 2, 3 — 47/1'deki üç yıl —, 10).;;
2025;78;GÜMRÜK;TEMEL;Posta/Hızlı Kargo;2009/15481 sayılı Karar (md. 62/1-b ve 62/3);B;B1;F_MATRIS F_GUNCEL F_DAYANAK;gelmelidir;bosluk;0;C;turetilmis;yuksek;;;"Karar 62/3: tüzel kişiye gelen eşyada sınır 22 Avro; oran 62/1-b'deki AB dışı %60 (AB'den %30). Çeldiriciler eski %18, ÖTV ilavesi %20 ve 150 Avro/%30 değerlerinin kombinasyonları.";;
2025;79;GÜMRÜK;TEMEL;Muafiyetler;2009/15481 sayılı Karar (md. 58/2, Ek-9 (B) bölümü);G;G1;F_MATRIS F_DAYANAK;doğru olarak verilmiştir;cumle;0;D;turetilmis;yuksek;en_kisa;SURE_SAYI;Karar 58/2: Ek-9 (B) bölümü eşyası yolcu beraberinde ya da gelişten bir ay önce veya üç ay sonra getirilebilir. Beş şık aynı kalıpta, yalnız önce (10 gün/1 ay/3 ay) × sonra (1/3/6 ay) süreleri değişiyor.;;G1 mi D1 mi: değerler cümle içinde, kök 'doğru olarak verilmiştir' → G1
2025;80;GÜMRÜK;TEMEL;Geçici Depolama/GOBİK;4458 sayılı Gümrük Kanunu (md. 48/2);D;D1;F_DAYANAK;ne kadardır;sayi;0;B;turetilmis;yuksek;;;"GK 48/2: yolcu eşyasına mahsus gümrük ambarlarında kalma süresi üç ay. Çeldiriciler süre merdiveni (1 ay, 6 ay, 1 yıl, 3 yıl); aynı süre 94'te GY 79/2 üzerinden yeniden soruluyor.";;
2025;81;GÜMRÜK;TEMEL;Antrepo;Gümrük Yönetmeliği (md. 526-527);O;O2;F_MUTLAK F_SERI;yanlıştır;cumle;0;D;turetilmis;yuksek;orta;MAKAM;"C ('sadece antrepo rejimine tabi eşya') mutlak ifadeli ama mevzuatın aynısı, E GK 98/GY 526 teminat istisnası, A–B rejimin niteliği; cevapta yaygın götürü teminatı sonuçlandıran bölge müdürlüğü → gümrük müdürlüğü (GY 527/6).";;
2025;82;GÜMRÜK;TEMEL;Antrepo;Gümrük Yönetmeliği / 4458 sayılı GK (antrepo rejimi);G;G1;F_MUTLAK F_DAYANAK F_SERI;doğrudur;kisa;0;B;turetilmis;yuksek;;MUTLAK;"Doğru şık rejimin temel niteliği (eşya gümrük gözetimi ve kontrolü altında). Üç çeldirici 'sadece' ile daraltılmış (kapalı alan, geçici depolanan eşya, ithalatçılar), E vergi tahsili uydurması; burada mutlak ifadeler gerçekten yanlış.";;
2025;83;GÜMRÜK;ALT;Gümrüksüz Satış;Gümrüksüz Satış Mağazaları Yönetmeliği (md. 3-4);O;O1;F_DAYANAK;türlerinden değildir;kisa;0;B;turetilmis;yuksek;;UYDURMA;"Yönetmelikte giriş ve çıkış kapılarındaki mağazalar, uçakta satış ve gemilere satış mağazaları var; diplomatlara Ankara/İstanbul giriş mağazalarından satılır (md. 4/3). 'Diplomatik satış mağazası' bu hükümden türetilmiş inandırıcı uydurma ad.";;
2025;84;GÜMRÜK;TEMEL;Antrepo;Gümrük Yönetmeliği (md. 518-519, 525);O;O1;F_DAYANAK F_MADDENO;zorunlu değildir;kisa;0;B;turetilmis;orta;;UYDURMA;"A (518/3 sabıka şartı), C (teknik donanım), D (mali yeterlilik), E (açma-işletme harcı) izin koşulları; gümrük müşaviri istihdamı mevzuatta yok. Güven orta: özel antrepoda yatırım izni aranmadığından sermaye/mali yeterlilik şartı da tartışmaya açık.";;
2025;85;GÜMRÜK;TEMEL;Geçici Depolama/GOBİK;4458 sayılı Gümrük Kanunu (md. 3, 46) / Gümrük Yönetmeliği;D;D3;F_DAYANAK;sona erdirir;kisa;0;A;turetilmis;yuksek;;KOMSU_LISTE;"Geçici depolanan eşya statüsü gümrükçe onaylanmış işlem/kullanımla sona erer; gümrüğe terk bir GOİK (GK 3). Çeldiriciler statüyü değiştirmeyen işlemler (numune, TSE kontrolü, elleçleme) ve statüyü başlatan 'gümrüğe sunma'.";;D3 mü D6 mı: şıklar kısa hâl öğeleri, tek doğru öğe GOİK grubundan → D3
2025;86;GÜMRÜK;TEMEL;Serbest Bölge;4458 sayılı Gümrük Kanunu (md. 152, 157) / Gümrük Yönetmeliği (md. 424-425);O;O2;F_MUTLAK;yanlıştır;cumle;0;A;turetilmis;dusuk;en_uzun;UYDURMA+POLARITE;"C ve E GK 152 (b)/(a); D GY 425/2 (2023): süresinde bitmeyen işlemde 241/1 usulsüzlük cezası, tasfiye yok ('sadece' içeren doğru şık). A, GK 157/1-d ve GY 425/1'e aykırı (GKAİ'ye tabi tutulabilir) → cevap. Güven düşük: B'deki 'menşeini ispatlayıcı gümrük statü belgesi' de GY 424'e uymuyor; envanter D diyor ama GY 425/2 D'yi doğruluyor.";;
2025;87;GÜMRÜK;KAÇAKÇILIK;Kaçakçılık;5607 sayılı Kaçakçılıkla Mücadele Kanunu (md. 2/b);K;K1;F_DAYANAK F_SERI;tanımı hangisidir;cumle;0;E;turetilmis;yuksek;en_uzun;;Tanım 5607 md. 2/b'den aynen (CIF/FOB + gümrük vergileri). Çeldiriciler komşu tanımlar: md. 2/a 'gümrük vergileri' (C), ithalat/ihracat vergisi ve mali yük tanımları (A, B, D).;;K1 (ters yönlü): kavram verilir, tanım sorulur
2025;88;GÜMRÜK;KAÇAKÇILIK;Kaçakçılık;5607 sayılı Kaçakçılıkla Mücadele Kanunu (md. 3/11);Ö;Ö3;F_DAYANAK F_SERI;ceza öngörülmüştür;kombinasyon;3;C;turetilmis;yuksek;;MINIMAL_CIFT;"5607 md. 3/11: ticari amaçla üretme-bulundurma-nakletme (a) ve satışa arz-satma (b) cezalı; (c) yalnız 'bilerek ve ticari amaçla satın alma'. II'de ticari amaç 'kişisel kullanım' ile değiştirilmiş → I ve III.";;Ö3 mü Ö1 mi: öncüller kısa fiil başlıkları → Ö3
2025;89;GÜMRÜK;KAÇAKÇILIK;Kaçakçılık;5607 sayılı Kaçakçılıkla Mücadele Kanunu (md. 13/5);D;D2;F_DAYANAK F_SERI;kullanılabilecek değerdir;kisa;0;B;turetilmis;yuksek;;;"5607 md. 13/5: alıkoyma teminatında kara taşıtı için kasko değeri (deniz: sigorta değeri, diğer: piyasa değeri). Çeldiriciler kıymet terimleri; E, 87'nin cevabı olan gümrüklenmiş değer.";;
2025;90;GÜMRÜK;ALT;Geçici İthalat;Gümrük Genel Tebliği (Geçici İthalat) (Seri No: 4);K;K1;F_DAYANAK F_SERI;hangisidir;kisa;0;B;turetilmis;yuksek;;;"Tanım tebliğden aynen; 'taşıma araçları hariç' kaydı ATA'yı taşıt karnelerinden (CPD, Triptik) ayırıyor. Çeldiriciler gerçek uluslararası belgeler (A.TR, TIR, Triptik, CPD).";;
2025;91;GÜMRÜK;TEMEL;Geçici İthalat;4458 sayılı Gümrük Kanunu (md. 128);K;K1;F_DAYANAK F_SERI;doğrudur;cumle;0;B;turetilmis;yuksek;en_uzun;;"Doğru şık GK 128 tanımı aynen. A GKAİ, C DİR (şartlı muafiyet), D HİR tanımı; E geçici ithalat tanımının iki unsuru bozulmuş ikizi (serbest dolaşımdaki eşya, TPÖ'ye tabi).";;K1 mi G1 mi: kök 'doğrudur' ama şıklar komşu rejim tanımları → K1 (ters yönlü)
2025;92;GÜMRÜK;TEMEL;Geçici İthalat;4458 sayılı Gümrük Kanunu (md. 128) / Gümrük Yönetmeliği;O;O1;F_SERI;rejim ihlali değildir;kisa;0;E;turetilmis;yuksek;;TERS_ISLEV;"A–D GK 128'deki 'değişikliğe uğramaksızın kullanma ve yeniden ihraç' koşulunu bozan hâller (ayniyet değişikliği, yetkisiz kullanım, satış, işleme); cevap rejimi usulüne uygun sonlandıran olay.";;O1 mi O3 mü: 'rejim ihlali' istisna kavramı değil, hâl listesi → O1
2025;93;GÜMRÜK;ALT;Geçici İthalat;Gümrük Genel Tebliği (Geçici İthal Edilen Kara Taşıtları) (Seri No: 1);D;D6;F_DAYANAK F_SERI;uygulama geçerlidir;kisa;0;A;turetilmis;orta;;;"Karne/form kapsamı taşıtlar MA-MZ plakası alır; kökte bunlar dışlandığından turistik kolaylık kapsamı kişisel taşıt yabancı plakasıyla kullanılır. Çeldiriciler başka statülerin plakaları (ZOLL, G, T) ve zorunlu Türk plakası. Güven orta: kural kaynakta tek cümleyle yazılı değil; geçici giriş belgesi kapsamı taşıtlar da trafiğe tescil ediliyor.";;D6 mı G2 mi: şıklar farklı usul sonuçları, hukuki güç merdiveni değil → D6
2025;94;GÜMRÜK;TEMEL;Geçici Depolama/GOBİK;Gümrük Yönetmeliği (md. 79/2);D;D1;F_DAYANAK;ne kadar süreyle kalabilir;sayi;0;C;turetilmis;yuksek;;;"GY 79/2: yolcu eşyası ve teslim alınan tam muafiyetli kişisel kara taşıtları geçici depolama yerinde üç ay kalabilir. Kök hükmün ilk cümlesini aynen veriyor; şıklar ay merdiveni (80'deki GK 48/2 süresinin ikizi).";;
2025;95;GÜMRÜK;TEMEL;Cezalar;4458 sayılı Gümrük Kanunu (md. 238/1-a);D;D6;F_MATRIS F_DAYANAK;uygulanır;cumle;0;D;turetilmis;yuksek;orta;;"GK 238/1-a: geçici ithalat rejimi ihlalinde gümrüklenmiş değerin iki katı. Şıklar matris (matrah: vergiler/gümrüklenmiş değer × kat 1, 2, 4, ½); A 238/2'deki ek ceza tutarı.";;D6 mı G1 mi: kök 'hangisi uygulanır', şıklar usul sonucu → D6
2025;96;GÜMRÜK;TEMEL;Geçici İthalat;Gümrük Yönetmeliği (md. 320/6-8);Ö;Ö1;F_DAYANAK;doğrudur;kombinasyon;3;D;turetilmis;orta;;UYDURMA;"I GY 320/6-7 (devir, devralanın eşyayı rejime tabi tutmasıyla), III 320/8 son cümlesi aynen; II yönetmelikte olmayan zincirleme devir hakkı → I ve III. Güven orta: II'yi açıkça yasaklayan hüküm yok, yalnızca mevzuatta yer almıyor.";;
2025;97;GÜMRÜK;ALT;Yetkilendirilmiş Yükümlü;Gümrük İşlemlerinin Kolaylaştırılması Yönetmeliği (md. 11/2);D;D2;F_DAYANAK;nereye yapılır;kisa;0;C;turetilmis;yuksek;;;GİKY 11/2: resmî daireler ve sermayesi tamamen kamuya ait KİT'lerin YYS başvuruları Orta Anadolu Gümrük ve Dış Ticaret Bölge Müdürlüğüne yapılır. Çeldiriciler gerçek ama yetkisiz merkezler (GGM, İstanbul, Doğu/Batı Marmara).;;
2025;98;GÜMRÜK;ALT;Onaylanmış Kişi;Gümrük Genel Tebliği (Onaylanmış Kişi Statüsü) md. 4;O;O1;;yer almaz;kisa;0;D;turetilmis;yuksek;;KOMSU_LISTE;"OKSB Tebliği md. 4: eksik beyan, kısmi teminat, beyanın kontrol türü kolaylaştırması (mavi hat), götürü teminat ve onaylanmış ihracatçı yetkisi; izinli alıcı YYS/GİKY kapsamındaki transit yetkisi.";;
2025;99;GÜMRÜK;ALT;Yetkilendirilmiş Yükümlü;Gümrük İşlemlerinin Kolaylaştırılması Yönetmeliği (md. 5-8);O;O1;F_DAYANAK F_SERI;biri değildir;kisa;0;D;turetilmis;yuksek;;KOMSU_LISTE;"YYS koşulları md. 5–8: güvenilirlik, ticari kayıtların güvenilirliği ve izlenebilirliği, mali yeterlilik, emniyet ve güvenlik; 'kapsamlı teminat' transit basitleştirmesinin gerçek adı, koşul değil.";;
2025;100;GÜMRÜK;ALT;Yetkilendirilmiş Yükümlü;Gümrük İşlemlerinin Kolaylaştırılması Yönetmeliği (md. 159/1);D;D1;F_DAYANAK F_SERI;izlemeye tabi tutulur;sayi;0;E;turetilmis;yuksek;;;GİKY 159/1: sertifika koşulları düzenleme tarihinden itibaren her 5 yılda bir ön izlemeye tabi. Şıklar 1–5 yıl sıralı merdiven, doğru değer en sonda.;;
